year,division_code,division_name,row_order,location_name,june_normal_rainfall,june_actual_rainfall,june_percent_to_normal,july_normal_rainfall,july_actual_rainfall,july_percent_to_normal,august_normal_rainfall,august_actual_rainfall,august_percent_to_normal,september_normal_rainfall,september_actual_rainfall,september_percent_to_normal
1998,5,Amravati,1,Buldhana,139.3,122.1,87.7,192.2,261.4,136.0,207.4,216.4,104.3,120.5,234.5,194.6
1998,5,Amravati,2,Akola,136.9,239.1,174.7,223.2,340.8,152.7,215.5,212.1,98.4,118.1,163.0,138.0
1998,5,Amravati,3,Washim,166.4,96.6,58.1,243.6,210.0,86.2,236.1,217.0,91.9,142.9,386.3,270.3
1998,5,Amravati,4,Amravati,145.7,144.7,99.3,277.4,215.7,77.8,285.4,173.3,60.7,153.5,172.9,112.6
1998,5,Amravati,5,Yavatmal,163.9,139.1,84.9,256.7,217.3,84.7,253.7,215.9,85.1,130.7,211.3,161.7
1998,4,Chhatrapati Sambhajinagar,1,Chhatrapati Sambhajinagar,125.2,148.0,118.2,152.2,194.6,127.9,153.8,264.5,172.0,150.5,171.0,113.6
1998,4,Chhatrapati Sambhajinagar,2,Jalna,132.6,231.0,174.2,166.4,297.6,178.8,162.3,217.0,133.7,141.8,175.8,124.0
1998,4,Chhatrapati Sambhajinagar,3,Beed,128.4,187.7,146.2,127.7,238.4,186.7,138.0,266.9,193.4,172.0,251.3,146.1
1998,4,Chhatrapati Sambhajinagar,4,Latur,135.4,134.6,99.4,186.9,316.7,169.4,202.7,225.6,111.3,181.0,300.7,166.1
1998,4,Chhatrapati Sambhajinagar,5,Dharashiv,126.9,187.3,147.6,137.1,216.2,157.7,154.4,216.5,140.2,184.7,347.1,187.9
1998,4,Chhatrapati Sambhajinagar,6,Nanded,155.4,209.5,134.8,244.3,280.4,114.8,247.3,264.5,107.0,167.4,206.4,123.3
1998,4,Chhatrapati Sambhajinagar,7,Parabhani,145.3,199.6,137.4,219.2,283.3,129.2,227.8,274.5,120.5,169.0,240.3,142.2
1998,4,Chhatrapati Sambhajinagar,8,Hingoli,169.2,205.5,121.5,230.2,244.3,106.1,241.2,208.0,86.2,154.7,281.2,181.8
1998,1,Konkan,1,Thane,461.9,309.9,67.1,942.3,651.6,69.1,691.3,648.1,93.8,337.9,670.9,198.5
1998,1,Konkan,2,Raigadh,655.8,522.5,79.7,1206.2,1035.0,85.8,874.5,840.2,96.1,412.1,590.9,143.4
1998,1,Konkan,3,Ratnagiri,813.5,820.7,100.9,1151.6,983.6,85.4,835.9,966.1,115.6,394.1,528.7,134.2
1998,1,Konkan,4,Sindhudurg,880.1,1115.9,126.8,1043.6,1181.5,113.2,689.2,748.5,108.6,327.6,486.3,148.4
1998,1,Konkan,5,Palghar,411.9,321.8,78.1,905.0,732.4,80.9,669.7,609.3,91.0,318.8,894.5,280.6
1998,6,Nagpur,1,Wardha,174.1,119.5,68.6,273.6,15.9,5.8,271.6,16.5,6.1,155.2,10.4,6.7
1998,6,Nagpur,2,Nagpur,166.3,99.6,59.9,304.4,238.9,78.5,281.3,285.9,101.6,168.4,272.0,161.5
1998,6,Nagpur,3,Bhandara,189.3,142.3,75.2,382.6,326.3,85.3,387.6,285.8,73.7,197.5,282.2,142.9
1998,6,Nagpur,4,Gondia,192.8,144.6,75.0,414.9,409.3,98.7,413.9,335.1,81.0,198.7,256.1,128.9
1998,6,Nagpur,5,Chandrapur,183.5,75.7,41.3,357.2,349.5,97.8,362.9,312.3,86.1,180.4,375.4,208.1
1998,6,Nagpur,6,Gadchiroli,210.9,87.8,41.6,427.9,312.1,72.9,426.5,238.3,55.9,188.8,233.4,123.6
1998,2,Nasik,1,Nashik,174.4,129.7,74.4,308.9,256.4,83.0,266.9,253.4,94.9,183.6,268.3,146.1
1998,2,Nasik,2,Dhule,121.5,149.3,122.9,170.9,234.0,136.9,133.2,134.4,100.9,109.5,265.0,242.0
1998,2,Nasik,3,Nandurbar,155.9,114.1,73.2,305.6,296.8,97.1,252.2,198.3,78.6,146.7,413.5,281.9
1998,2,Nasik,4,Jalgaon,123.7,131.3,106.1,189.2,258.1,136.4,196.1,238.0,121.4,123.6,309.6,250.5
1998,2,Nasik,5,Ahilyanagar,108.2,137.0,126.6,97.5,133.5,136.9,95.4,178.1,186.7,147.0,191.6,130.3
1998,3,Pune,1,Pune,176.2,114.3,64.9,309.3,248.1,80.2,219.6,205.8,93.7,156.5,221.3,141.4
1998,3,Pune,2,Solapur,102.5,116.1,113.3,94.8,194.1,204.7,107.5,210.1,195.4,176.3,342.1,194.0
1998,3,Pune,3,Satara,194.1,194.5,100.2,307.2,384.8,125.3,224.8,284.9,126.7,160.1,215.5,134.6
1998,3,Pune,4,Sangli,129.0,88.7,68.8,135.5,182.7,134.8,111.4,118.0,105.9,138.6,132.6,95.7
1998,3,Pune,5,Kolhapur,362.9,313.3,86.3,685.5,607.7,88.7,485.9,431.5,88.8,198.8,223.0,112.2
1999,5,Amravati,1,Buldhana,139.3,220.2,158.1,192.2,170.7,88.8,207.4,232.1,111.9,120.5,152.1,126.2
1999,5,Amravati,2,Akola,136.9,262.9,192.0,223.2,258.3,115.7,215.5,279.2,129.6,118.1,197.2,167.0
1999,5,Amravati,3,Washim,166.4,164.8,99.0,243.6,239.8,98.4,236.1,258.6,109.5,142.9,238.9,167.2
1999,5,Amravati,4,Amravati,145.7,239.8,164.6,277.4,170.8,61.6,285.4,185.3,64.9,153.5,162.1,105.6
1999,5,Amravati,5,Yavatmal,163.9,205.6,125.4,256.7,231.1,90.0,253.7,250.7,98.8,130.7,280.0,214.2
1999,4,Chhatrapati Sambhajinagar,1,Chhatrapati Sambhajinagar,125.2,154.7,123.6,152.2,117.6,77.3,153.8,77.3,50.3,150.5,185.1,123.0
1999,4,Chhatrapati Sambhajinagar,2,Jalna,132.6,169.5,127.8,166.4,122.7,73.7,162.3,93.2,57.4,141.8,209.0,147.4
1999,4,Chhatrapati Sambhajinagar,3,Beed,128.4,138.5,107.9,127.7,116.5,91.2,138.0,76.9,55.7,172.0,247.6,144.0
1999,4,Chhatrapati Sambhajinagar,4,Latur,135.4,74.5,55.0,186.9,134.5,72.0,202.7,193.0,95.2,181.0,217.0,119.9
1999,4,Chhatrapati Sambhajinagar,5,Dharashiv,126.9,138.3,109.0,137.1,105.6,77.0,154.4,82.2,53.2,184.7,217.1,117.5
1999,4,Chhatrapati Sambhajinagar,6,Nanded,155.4,169.3,108.9,244.3,165.0,67.5,247.3,238.3,96.4,167.4,227.2,135.7
1999,4,Chhatrapati Sambhajinagar,7,Parabhani,145.3,184.4,126.9,219.2,159.6,72.8,227.8,268.5,117.9,169.0,306.8,181.5
1999,4,Chhatrapati Sambhajinagar,8,Hingoli,169.2,114.1,67.4,230.2,132.8,57.7,241.2,132.2,54.8,154.7,96.8,62.6
1999,1,Konkan,1,Thane,461.9,505.6,109.5,942.3,745.7,79.1,691.3,228.1,33.0,337.9,296.0,87.6
1999,1,Konkan,2,Raigadh,655.8,910.2,138.8,1206.2,1336.7,110.8,874.5,329.4,37.7,412.1,394.8,95.8
1999,1,Konkan,3,Ratnagiri,813.5,1164.9,143.2,1151.6,1236.5,107.4,835.9,335.9,40.2,394.1,287.3,72.9
1999,1,Konkan,4,Sindhudurg,880.1,1356.0,154.1,1043.6,1168.6,112.0,689.2,285.9,41.5,327.6,208.2,63.6
1999,1,Konkan,5,Palghar,411.9,444.6,107.9,905.0,694.8,76.8,669.7,254.2,38.0,318.8,333.4,104.6
1999,6,Nagpur,1,Wardha,174.1,169.6,97.4,273.6,240.9,88.0,271.6,270.9,99.7,155.2,294.3,189.6
1999,6,Nagpur,2,Nagpur,166.3,242.4,145.8,304.4,269.6,88.6,281.3,392.3,139.5,168.4,320.6,190.4
1999,6,Nagpur,3,Bhandara,189.3,249.1,131.6,382.6,169.1,44.2,387.6,276.2,71.3,197.5,247.5,125.3
1999,6,Nagpur,4,Gondia,192.8,307.5,159.5,414.9,309.1,74.5,413.9,363.4,87.8,198.7,321.8,162.0
1999,6,Nagpur,5,Chandrapur,183.5,230.4,125.6,357.2,248.2,69.5,362.9,420.4,115.8,180.4,287.2,159.2
1999,6,Nagpur,6,Gadchiroli,210.9,0.0,0.0,427.9,0.0,0.0,426.5,0.0,0.0,188.8,0.0,0.0
1999,2,Nasik,1,Nashik,174.4,228.2,130.8,308.9,340.2,110.1,266.9,120.5,45.1,183.6,146.1,79.6
1999,2,Nasik,2,Dhule,121.5,183.7,151.2,170.9,98.0,57.3,133.2,31.4,23.6,109.5,117.9,107.7
1999,2,Nasik,3,Nandurbar,155.9,130.7,83.8,305.6,176.7,57.8,252.2,67.9,26.9,146.7,96.5,65.8
1999,2,Nasik,4,Jalgaon,123.7,162.6,131.4,189.2,102.1,54.0,196.1,76.6,39.1,123.6,133.2,107.8
1999,2,Nasik,5,Ahilyanagar,108.2,218.7,202.1,97.5,149.5,153.3,95.4,24.8,26.0,147.0,368.2,250.5
1999,3,Pune,1,Pune,176.2,213.5,121.2,309.3,243.8,78.8,219.6,75.9,34.6,156.5,162.1,103.6
1999,3,Pune,2,Solapur,102.5,176.6,172.3,94.8,95.9,101.2,107.5,31.3,29.1,176.3,158.0,89.6
1999,3,Pune,3,Satara,194.1,282.6,145.6,307.2,422.6,137.6,224.8,151.5,67.4,160.1,214.1,133.7
1999,3,Pune,4,Sangli,129.0,114.9,89.1,135.5,97.5,72.0,111.4,43.6,39.1,138.6,139.4,100.6
1999,3,Pune,5,Kolhapur,362.9,528.6,145.7,685.5,882.1,128.7,485.9,263.9,54.3,198.8,115.2,57.9
2000,5,Amravati,1,Buldhana,139.3,180.9,129.9,192.2,208.2,108.3,207.4,133.1,64.2,120.5,25.8,21.4
2000,5,Amravati,2,Akola,136.9,161.9,118.3,223.2,305.0,136.6,215.5,168.3,78.1,118.1,5.1,4.3
2000,5,Amravati,3,Washim,166.4,101.8,61.2,243.6,309.2,126.9,236.1,138.2,58.5,142.9,34.0,23.8
2000,5,Amravati,4,Amravati,145.7,161.1,110.6,277.4,308.7,111.3,285.4,182.3,63.9,153.5,28.4,18.5
2000,5,Amravati,5,Yavatmal,163.9,190.9,116.5,256.7,350.8,136.7,253.7,215.2,84.8,130.7,33.2,25.4
2000,4,Chhatrapati Sambhajinagar,1,Chhatrapati Sambhajinagar,125.2,181.8,145.2,152.2,74.4,48.9,153.8,101.0,65.7,150.5,41.4,27.5
2000,4,Chhatrapati Sambhajinagar,2,Jalna,132.6,187.6,141.5,166.4,135.1,81.2,162.3,85.4,52.6,141.8,57.7,40.7
2000,4,Chhatrapati Sambhajinagar,3,Beed,128.4,214.3,166.9,127.7,139.5,109.2,138.0,139.0,100.7,172.0,43.3,25.2
2000,4,Chhatrapati Sambhajinagar,4,Latur,135.4,152.5,112.6,186.9,178.7,95.6,202.7,417.2,205.8,181.0,71.1,39.3
2000,4,Chhatrapati Sambhajinagar,5,Dharashiv,126.9,167.4,131.9,137.1,188.7,137.6,154.4,278.6,180.4,184.7,58.1,31.5
2000,4,Chhatrapati Sambhajinagar,6,Nanded,155.4,162.5,104.6,244.3,197.7,80.9,247.3,317.7,128.5,167.4,29.0,17.3
2000,4,Chhatrapati Sambhajinagar,7,Parabhani,145.3,218.8,150.6,219.2,202.0,92.2,227.8,428.9,188.3,169.0,56.2,33.3
2000,4,Chhatrapati Sambhajinagar,8,Hingoli,169.2,234.5,138.6,230.2,184.5,80.1,241.2,159.0,65.9,154.7,7.9,5.1
2000,1,Konkan,1,Thane,461.9,326.8,70.8,942.3,1146.0,121.6,691.3,721.9,104.4,337.9,123.5,36.5
2000,1,Konkan,2,Raigadh,655.8,591.3,90.2,1206.2,1255.6,104.1,874.5,959.2,109.7,412.1,92.6,22.5
2000,1,Konkan,3,Ratnagiri,813.5,886.0,108.9,1151.6,1304.9,113.3,835.9,992.2,118.7,394.1,167.7,42.6
2000,1,Konkan,4,Sindhudurg,880.1,923.0,104.9,1043.6,1282.4,122.9,689.2,680.9,98.8,327.6,130.9,40.0
2000,1,Konkan,5,Palghar,411.9,293.1,71.2,905.0,1267.9,140.1,669.7,584.7,87.3,318.8,76.1,23.9
2000,6,Nagpur,1,Wardha,174.1,468.8,269.3,273.6,454.1,166.0,271.6,256.6,94.5,155.2,114.2,73.6
2000,6,Nagpur,2,Nagpur,166.3,266.7,160.4,304.4,724.9,238.1,281.3,297.3,105.7,168.4,32.9,19.5
2000,6,Nagpur,3,Bhandara,189.3,255.2,134.8,382.6,493.1,128.9,387.6,297.1,76.7,197.5,45.3,22.9
2000,6,Nagpur,4,Gondia,192.8,303.3,157.3,414.9,634.1,152.8,413.9,335.0,80.9,198.7,60.4,30.4
2000,6,Nagpur,5,Chandrapur,183.5,190.2,103.7,357.2,465.7,130.4,362.9,390.0,107.5,180.4,17.9,9.9
2000,6,Nagpur,6,Gadchiroli,210.9,299.1,141.8,427.9,580.6,135.7,426.5,412.8,96.8,188.8,83.4,44.2
2000,2,Nasik,1,Nashik,174.4,181.7,104.2,308.9,241.9,78.3,266.9,216.4,81.1,183.6,80.7,44.0
2000,2,Nasik,2,Dhule,121.5,154.0,126.7,170.9,149.3,87.4,133.2,36.3,27.3,109.5,23.3,21.3
2000,2,Nasik,3,Nandurbar,155.9,147.3,94.5,305.6,210.8,69.0,252.2,63.6,25.2,146.7,35.3,24.1
2000,2,Nasik,4,Jalgaon,123.7,228.3,184.6,189.2,203.0,107.3,196.1,43.0,21.9,123.6,15.7,12.7
2000,2,Nasik,5,Ahilyanagar,108.2,169.7,156.8,97.5,71.9,73.7,95.4,189.1,198.2,147.0,47.9,32.6
2000,3,Pune,1,Pune,176.2,224.1,127.2,309.3,160.1,51.8,219.6,72.3,32.9,156.5,96.6,61.7
2000,3,Pune,2,Solapur,102.5,141.7,138.2,94.8,95.9,101.2,107.5,215.2,200.2,176.3,73.4,41.6
2000,3,Pune,3,Satara,194.1,157.8,81.3,307.2,298.9,97.3,224.8,211.9,94.3,160.1,137.8,86.1
2000,3,Pune,4,Sangli,129.0,94.9,73.6,135.5,89.3,65.9,111.4,126.5,113.6,138.6,153.5,110.8
2000,3,Pune,5,Kolhapur,362.9,240.7,66.3,685.5,647.1,94.4,485.9,412.7,84.9,198.8,228.5,114.9
2001,5,Amravati,1,Buldhana,139.3,203.0,145.7,192.2,106.6,55.5,207.4,176.4,85.1,120.5,49.7,41.2
2001,5,Amravati,2,Akola,136.9,278.8,203.7,223.2,143.4,64.2,215.5,257.0,119.3,118.1,37.2,31.5
2001,5,Amravati,3,Washim,166.4,258.6,155.4,243.6,93.0,38.2,236.1,225.6,95.6,142.9,27.2,19.0
2001,5,Amravati,4,Amravati,145.7,276.5,189.8,277.4,87.3,31.5,285.4,329.7,115.5,153.5,18.0,11.7
2001,5,Amravati,5,Yavatmal,163.9,297.2,181.3,256.7,144.5,56.3,253.7,315.7,124.4,130.7,15.4,11.8
2001,4,Chhatrapati Sambhajinagar,1,Chhatrapati Sambhajinagar,125.2,98.9,79.0,152.2,66.2,43.5,153.8,209.1,136.0,150.5,107.7,71.6
2001,4,Chhatrapati Sambhajinagar,2,Jalna,132.6,151.2,114.0,166.4,46.8,28.1,162.3,227.8,140.4,141.8,114.7,80.9
2001,4,Chhatrapati Sambhajinagar,3,Beed,128.4,143.5,111.8,127.7,17.7,13.9,138.0,239.6,173.6,172.0,76.4,44.4
2001,4,Chhatrapati Sambhajinagar,4,Latur,135.4,186.6,137.8,186.9,51.2,27.4,202.7,235.2,116.0,181.0,74.7,41.3
2001,4,Chhatrapati Sambhajinagar,5,Dharashiv,126.9,90.7,71.5,137.1,25.0,18.2,154.4,180.1,116.6,184.7,138.2,74.8
2001,4,Chhatrapati Sambhajinagar,6,Nanded,155.4,213.2,137.2,244.3,96.5,39.5,247.3,343.0,138.7,167.4,23.3,13.9
2001,4,Chhatrapati Sambhajinagar,7,Parabhani,145.3,224.6,154.6,219.2,64.3,29.3,227.8,378.9,166.3,169.0,36.5,21.6
2001,4,Chhatrapati Sambhajinagar,8,Hingoli,169.2,106.1,62.7,230.2,101.7,44.2,241.2,181.9,75.4,154.7,95.1,61.5
2001,1,Konkan,1,Thane,461.9,569.0,123.2,942.3,809.2,85.9,691.3,678.1,98.1,337.9,215.9,63.9
2001,1,Konkan,2,Raigadh,655.8,546.2,83.3,1206.2,926.5,76.8,874.5,600.2,68.6,412.1,220.4,53.5
2001,1,Konkan,3,Ratnagiri,813.5,544.2,66.9,1151.6,859.1,74.6,835.9,777.2,93.0,394.1,302.2,76.7
2001,1,Konkan,4,Sindhudurg,880.1,524.8,59.6,1043.6,957.8,91.8,689.2,508.0,73.7,327.6,176.7,53.9
2001,1,Konkan,5,Palghar,411.9,747.8,181.5,905.0,761.2,84.1,669.7,563.1,84.1,318.8,173.8,54.5
2001,6,Nagpur,1,Wardha,174.1,222.2,127.6,273.6,194.6,71.1,271.6,304.1,112.0,155.2,52.6,33.9
2001,6,Nagpur,2,Nagpur,166.3,370.8,223.0,304.4,331.4,108.9,281.3,559.8,199.0,168.4,39.6,23.5
2001,6,Nagpur,3,Bhandara,189.3,316.0,166.9,382.6,156.8,41.0,387.6,631.8,163.0,197.5,34.5,17.5
2001,6,Nagpur,4,Gondia,192.8,507.3,263.1,414.9,331.9,80.0,413.9,484.9,117.2,198.7,50.6,25.5
2001,6,Nagpur,5,Chandrapur,183.5,349.3,190.4,357.2,304.4,85.2,362.9,386.1,106.4,180.4,29.9,16.6
2001,6,Nagpur,6,Gadchiroli,210.9,461.8,219.0,427.9,290.0,67.8,426.5,513.1,120.3,188.8,48.2,25.5
2001,2,Nasik,1,Nashik,174.4,229.5,131.6,308.9,244.4,79.1,266.9,176.6,66.2,183.6,127.8,69.6
2001,2,Nasik,2,Dhule,121.5,188.1,154.8,170.9,95.7,56.0,133.2,78.7,59.1,109.5,88.6,80.9
2001,2,Nasik,3,Nandurbar,155.9,351.8,225.7,305.6,226.1,74.0,252.2,104.9,41.6,146.7,45.3,30.9
2001,2,Nasik,4,Jalgaon,123.7,168.1,135.9,189.2,111.5,58.9,196.1,160.3,81.7,123.6,38.7,31.3
2001,2,Nasik,5,Ahilyanagar,108.2,88.9,82.2,97.5,16.6,17.0,95.4,129.5,135.7,147.0,125.6,85.4
2001,3,Pune,1,Pune,176.2,140.0,79.5,309.3,206.6,66.8,219.6,135.8,61.8,156.5,130.9,83.6
2001,3,Pune,2,Solapur,102.5,56.3,54.9,94.8,23.7,25.0,107.5,95.9,89.2,176.3,178.9,101.5
2001,3,Pune,3,Satara,194.1,152.8,78.7,307.2,331.5,107.9,224.8,193.9,86.3,160.1,194.5,121.5
2001,3,Pune,4,Sangli,129.0,30.3,23.5,135.5,75.5,55.7,111.4,46.1,41.4,138.6,212.4,153.2
2001,3,Pune,5,Kolhapur,362.9,297.1,81.9,685.5,552.7,80.6,485.9,406.8,83.7,198.8,123.9,62.3
2002,5,Amravati,1,Buldhana,139.3,270.9,194.5,192.2,60.8,31.6,207.4,375.7,181.1,120.5,246.3,204.4
2002,5,Amravati,2,Akola,136.9,303.2,221.5,223.2,56.9,25.5,215.5,287.0,133.2,118.1,138.4,117.2
2002,5,Amravati,3,Washim,166.4,438.4,263.5,243.6,160.0,65.7,236.1,412.0,174.5,142.9,231.0,161.7
2002,5,Amravati,4,Amravati,145.7,240.3,164.9,277.4,17.6,6.3,285.4,188.0,65.9,153.5,144.3,94.0
2002,5,Amravati,5,Yavatmal,163.9,319.4,194.9,256.7,98.9,38.5,253.7,315.0,124.2,130.7,116.0,88.8
2002,4,Chhatrapati Sambhajinagar,1,Chhatrapati Sambhajinagar,125.2,234.6,187.4,152.2,55.0,36.1,153.8,204.1,132.7,150.5,83.2,55.3
2002,4,Chhatrapati Sambhajinagar,2,Jalna,132.6,266.6,201.1,166.4,54.8,32.9,162.3,315.7,194.5,141.8,130.4,92.0
2002,4,Chhatrapati Sambhajinagar,3,Beed,128.4,242.4,188.8,127.7,27.8,21.8,138.0,177.1,128.3,172.0,101.3,58.9
2002,4,Chhatrapati Sambhajinagar,4,Latur,135.4,120.7,89.1,186.9,100.2,53.6,202.7,213.4,105.3,181.0,137.8,76.1
2002,4,Chhatrapati Sambhajinagar,5,Dharashiv,126.9,164.1,129.3,137.1,63.8,46.5,154.4,151.3,98.0,184.7,115.3,62.4
2002,4,Chhatrapati Sambhajinagar,6,Nanded,155.4,262.8,169.1,244.3,55.6,22.8,247.3,246.9,99.8,167.4,128.3,76.6
2002,4,Chhatrapati Sambhajinagar,7,Parabhani,145.3,324.1,223.1,219.2,48.3,22.0,227.8,245.1,107.6,169.0,145.8,86.3
2002,4,Chhatrapati Sambhajinagar,8,Hingoli,169.2,423.4,250.2,230.2,86.8,37.7,241.2,311.7,129.2,154.7,225.2,145.6
2002,1,Konkan,1,Thane,461.9,904.5,195.8,942.3,300.6,31.9,691.3,956.3,138.3,337.9,223.0,66.0
2002,1,Konkan,2,Raigadh,655.8,651.1,99.3,1206.2,497.9,41.3,874.5,909.9,104.0,412.1,241.7,58.7
2002,1,Konkan,3,Ratnagiri,813.5,1067.4,131.2,1151.6,619.9,53.8,835.9,844.1,101.0,394.1,249.9,63.4
2002,1,Konkan,4,Sindhudurg,880.1,896.1,101.8,1043.6,481.3,46.1,689.2,712.6,103.4,327.6,183.7,56.1
2002,1,Konkan,5,Palghar,411.9,1135.7,275.7,905.0,222.4,24.6,669.7,815.6,121.8,318.8,121.6,38.1
2002,6,Nagpur,1,Wardha,174.1,391.9,225.1,273.6,20.7,7.6,271.6,253.8,93.4,155.2,114.6,73.8
2002,6,Nagpur,2,Nagpur,166.3,303.1,182.3,304.4,61.9,20.3,281.3,330.0,117.3,168.4,101.9,60.5
2002,6,Nagpur,3,Bhandara,189.3,382.6,202.1,382.6,70.3,18.4,387.6,493.9,127.4,197.5,173.2,87.7
2002,6,Nagpur,4,Gondia,192.8,329.0,170.6,414.9,100.5,24.2,413.9,502.7,121.5,198.7,162.6,81.8
2002,6,Nagpur,5,Chandrapur,183.5,283.0,154.2,357.2,145.3,40.7,362.9,287.9,79.3,180.4,58.9,32.6
2002,6,Nagpur,6,Gadchiroli,210.9,233.3,110.6,427.9,141.7,33.1,426.5,386.9,90.7,188.8,60.2,31.9
2002,2,Nasik,1,Nashik,174.4,416.6,238.9,308.9,252.0,81.6,266.9,269.2,100.9,183.6,98.2,53.5
2002,2,Nasik,2,Dhule,121.5,185.5,152.7,170.9,28.0,16.4,133.2,170.8,128.2,109.5,130.9,119.5
2002,2,Nasik,3,Nandurbar,155.9,252.3,161.8,305.6,53.0,17.3,252.2,189.8,75.3,146.7,219.1,149.4
2002,2,Nasik,4,Jalgaon,123.7,228.2,184.5,189.2,46.0,24.3,196.1,285.6,145.6,123.6,154.3,124.8
2002,2,Nasik,5,Ahilyanagar,108.2,208.5,192.7,97.5,14.5,14.9,95.4,110.6,115.9,147.0,60.6,41.2
2002,3,Pune,1,Pune,176.2,244.5,138.8,309.3,69.5,22.5,219.6,181.1,82.5,156.5,56.8,36.3
2002,3,Pune,2,Solapur,102.5,122.3,119.3,94.8,45.6,48.1,107.5,88.4,82.2,176.3,84.4,47.9
2002,3,Pune,3,Satara,194.1,286.6,147.7,307.2,186.1,60.6,224.8,346.3,154.0,160.1,106.0,66.2
2002,3,Pune,4,Sangli,129.0,114.7,88.9,135.5,22.4,16.5,111.4,66.4,59.6,138.6,46.2,33.3
2002,3,Pune,5,Kolhapur,362.9,456.0,125.7,685.5,297.1,43.3,485.9,633.2,130.3,198.8,99.8,50.2
2003,5,Amravati,1,Buldhana,139.3,131.8,94.6,192.2,231.2,120.3,207.4,201.1,97.0,120.5,117.0,97.1
2003,5,Amravati,2,Akola,136.9,115.9,84.7,223.2,212.4,95.2,215.5,159.5,74.0,118.1,136.9,115.9
2003,5,Amravati,3,Washim,166.4,148.1,89.0,243.6,355.7,146.0,236.1,201.7,85.4,142.9,72.6,50.8
2003,5,Amravati,4,Amravati,145.7,135.7,93.1,277.4,292.0,105.3,285.4,171.7,60.2,153.5,124.1,80.8
2003,5,Amravati,5,Yavatmal,163.9,144.8,88.3,256.7,370.7,144.4,253.7,230.7,90.9,130.7,68.7,52.6
2003,4,Chhatrapati Sambhajinagar,1,Chhatrapati Sambhajinagar,125.2,138.5,110.6,152.2,174.7,114.8,153.8,137.8,89.6,150.5,90.9,60.4
2003,4,Chhatrapati Sambhajinagar,2,Jalna,132.6,137.5,103.7,166.4,218.2,131.1,162.3,147.2,90.7,141.8,69.0,48.7
2003,4,Chhatrapati Sambhajinagar,3,Beed,128.4,91.5,71.3,127.7,155.2,121.5,138.0,153.7,111.4,172.0,119.1,69.2
2003,4,Chhatrapati Sambhajinagar,4,Latur,135.4,112.5,83.1,186.9,265.7,142.2,202.7,226.6,111.8,181.0,117.0,64.6
2003,4,Chhatrapati Sambhajinagar,5,Dharashiv,126.9,79.1,62.3,137.1,113.0,82.4,154.4,144.4,93.5,184.7,101.5,55.0
2003,4,Chhatrapati Sambhajinagar,6,Nanded,155.4,120.5,77.5,244.3,393.8,161.2,247.3,221.4,89.5,167.4,101.2,60.5
2003,4,Chhatrapati Sambhajinagar,7,Parabhani,145.3,114.1,78.5,219.2,403.2,183.9,227.8,184.3,80.9,169.0,86.9,51.4
2003,4,Chhatrapati Sambhajinagar,8,Hingoli,169.2,128.8,76.1,230.2,462.9,201.1,241.2,191.9,79.6,154.7,102.8,66.5
2003,1,Konkan,1,Thane,461.9,774.4,167.7,942.3,874.5,92.8,691.3,650.8,94.1,337.9,329.1,97.4
2003,1,Konkan,2,Raigadh,655.8,977.2,149.0,1206.2,976.7,81.0,874.5,618.5,70.7,412.1,388.0,94.2
2003,1,Konkan,3,Ratnagiri,813.5,889.5,109.3,1151.6,1210.6,105.1,835.9,638.1,76.3,394.1,283.7,72.0
2003,1,Konkan,4,Sindhudurg,880.1,803.5,91.3,1043.6,1008.3,96.6,689.2,561.2,81.4,327.6,223.2,68.1
2003,1,Konkan,5,Palghar,411.9,666.1,161.7,905.0,936.2,103.4,669.7,608.1,90.8,318.8,304.4,95.5
2003,6,Nagpur,1,Wardha,174.1,118.5,68.1,273.6,372.9,136.3,271.6,257.8,94.9,155.2,137.6,88.7
2003,6,Nagpur,2,Nagpur,166.3,165.4,99.5,304.4,445.7,146.4,281.3,276.6,98.3,168.4,149.9,89.0
2003,6,Nagpur,3,Bhandara,189.3,140.6,74.3,382.6,580.7,151.8,387.6,353.9,91.3,197.5,294.6,149.2
2003,6,Nagpur,4,Gondia,192.8,122.7,63.6,414.9,626.4,151.0,413.9,317.3,76.7,198.7,297.7,149.8
2003,6,Nagpur,5,Chandrapur,183.5,128.8,70.2,357.2,463.3,129.7,362.9,353.2,97.3,180.4,110.4,61.2
2003,6,Nagpur,6,Gadchiroli,210.9,152.1,72.1,427.9,549.9,128.5,426.5,467.1,109.5,188.8,154.2,81.7
2003,2,Nasik,1,Nashik,174.4,239.0,137.0,308.9,379.4,122.8,266.9,229.3,85.9,183.6,156.9,85.5
2003,2,Nasik,2,Dhule,121.5,216.4,178.1,170.9,221.8,129.8,133.2,201.4,151.2,109.5,194.6,177.7
2003,2,Nasik,3,Nandurbar,155.9,380.5,244.1,305.6,296.5,97.0,252.2,287.2,113.9,146.7,136.6,93.1
2003,2,Nasik,4,Jalgaon,123.7,251.7,203.5,189.2,218.8,115.6,196.1,294.4,150.1,123.6,171.5,138.8
2003,2,Nasik,5,Ahilyanagar,108.2,52.1,48.2,97.5,85.1,87.3,95.4,62.6,65.6,147.0,77.6,52.8
2003,3,Pune,1,Pune,176.2,182.0,103.3,309.3,159.3,51.5,219.6,108.6,49.5,156.5,76.0,48.6
2003,3,Pune,2,Solapur,102.5,49.8,48.6,94.8,42.9,45.3,107.5,84.6,78.7,176.3,88.0,49.9
2003,3,Pune,3,Satara,194.1,270.4,139.3,307.2,244.8,79.7,224.8,173.3,77.1,160.1,77.0,48.1
2003,3,Pune,4,Sangli,129.0,56.5,43.8,135.5,35.5,26.2,111.4,35.4,31.8,138.6,35.8,25.8
2003,3,Pune,5,Kolhapur,362.9,486.8,134.1,685.5,417.1,60.8,485.9,300.9,61.9,198.8,102.9,51.8
2004,5,Amravati,1,Buldhana,139.3,127.9,91.8,192.2,159.4,82.9,207.4,128.1,61.8,120.5,114.9,95.4
2004,5,Amravati,2,Akola,136.9,77.5,56.6,223.2,191.5,85.8,215.5,111.9,51.9,118.1,79.9,67.7
2004,5,Amravati,3,Washim,166.4,103.9,62.4,243.6,193.1,79.3,236.1,91.0,38.5,142.9,90.9,63.6
2004,5,Amravati,4,Amravati,145.7,100.4,68.9,277.4,169.2,61.0,285.4,223.1,78.2,153.5,80.8,52.6
2004,5,Amravati,5,Yavatmal,163.9,104.0,63.5,256.7,143.1,55.7,253.7,109.5,43.2,130.7,73.3,56.1
2004,4,Chhatrapati Sambhajinagar,1,Chhatrapati Sambhajinagar,125.2,92.1,73.6,152.2,183.2,120.4,153.8,103.7,67.4,150.5,188.7,125.4
2004,4,Chhatrapati Sambhajinagar,2,Jalna,132.6,91.4,68.9,166.4,213.4,128.2,162.3,79.8,49.2,141.8,204.8,144.4
2004,4,Chhatrapati Sambhajinagar,3,Beed,128.4,113.7,88.6,127.7,180.4,141.3,138.0,46.5,33.7,172.0,158.0,91.9
2004,4,Chhatrapati Sambhajinagar,4,Latur,135.4,174.8,129.1,186.9,281.2,150.5,202.7,58.6,28.9,181.0,182.7,100.9
2004,4,Chhatrapati Sambhajinagar,5,Dharashiv,126.9,122.9,96.8,137.1,172.7,126.0,154.4,53.0,34.3,184.7,151.0,81.8
2004,4,Chhatrapati Sambhajinagar,6,Nanded,155.4,74.7,48.1,244.3,191.8,78.5,247.3,107.4,43.4,167.4,171.9,102.7
2004,4,Chhatrapati Sambhajinagar,7,Parabhani,145.3,72.3,49.8,219.2,189.7,86.5,227.8,58.6,25.7,169.0,153.6,90.9
2004,4,Chhatrapati Sambhajinagar,8,Hingoli,169.2,96.7,57.2,230.2,175.7,76.3,241.2,107.9,44.7,154.7,175.5,113.4
2004,1,Konkan,1,Thane,461.9,406.7,88.0,942.3,884.5,93.9,691.3,1280.7,185.3,337.9,234.2,69.3
2004,1,Konkan,2,Raigadh,655.8,587.2,89.5,1206.2,1032.3,85.6,874.5,1257.8,143.8,412.1,220.0,53.4
2004,1,Konkan,3,Ratnagiri,813.5,954.2,117.3,1151.6,989.0,85.9,835.9,982.7,117.6,394.1,321.5,81.6
2004,1,Konkan,4,Sindhudurg,880.1,875.2,99.4,1043.6,862.1,82.6,689.2,664.0,96.3,327.6,247.5,75.5
2004,1,Konkan,5,Palghar,411.9,366.4,89.0,905.0,754.7,83.4,669.7,1387.9,207.2,318.8,114.7,36.0
2004,6,Nagpur,1,Wardha,174.1,154.0,88.5,273.6,221.9,81.1,271.6,247.3,91.1,155.2,60.0,38.7
2004,6,Nagpur,2,Nagpur,166.3,137.7,82.8,304.4,244.9,80.5,281.3,199.1,70.8,168.4,75.5,44.8
2004,6,Nagpur,3,Bhandara,189.3,111.5,58.9,382.6,283.6,74.1,387.6,240.8,62.1,197.5,82.8,41.9
2004,6,Nagpur,4,Gondia,192.8,255.1,132.3,414.9,289.0,69.7,413.9,289.8,70.0,198.7,106.5,53.6
2004,6,Nagpur,5,Chandrapur,183.5,137.2,74.8,357.2,239.7,67.1,362.9,241.9,66.7,180.4,93.8,52.0
2004,6,Nagpur,6,Gadchiroli,210.9,187.6,89.0,427.9,294.9,68.9,426.5,432.1,101.3,188.8,104.9,55.6
2004,2,Nasik,1,Nashik,174.4,179.2,102.8,308.9,231.7,75.0,266.9,595.1,223.0,183.6,202.2,110.1
2004,2,Nasik,2,Dhule,121.5,139.1,114.5,170.9,195.6,114.5,133.2,215.1,161.5,109.5,138.8,126.8
2004,2,Nasik,3,Nandurbar,155.9,125.1,80.2,305.6,253.5,83.0,252.2,570.7,226.3,146.7,94.7,64.6
2004,2,Nasik,4,Jalgaon,123.7,100.1,80.9,189.2,177.7,93.9,196.1,185.4,94.5,123.6,127.5,103.2
2004,2,Nasik,5,Ahilyanagar,108.2,149.7,138.4,97.5,112.3,115.2,95.4,81.1,85.0,147.0,217.9,148.2
2004,3,Pune,1,Pune,176.2,193.2,109.6,309.3,102.7,33.2,219.6,397.0,180.8,156.5,193.1,123.4
2004,3,Pune,2,Solapur,102.5,112.5,109.8,94.8,132.5,139.8,107.5,24.7,23.0,176.3,200.7,113.8
2004,3,Pune,3,Satara,194.1,417.5,215.1,307.2,202.1,65.8,224.8,560.9,249.5,160.1,186.6,116.6
2004,3,Pune,4,Sangli,129.0,196.5,152.3,135.5,41.3,30.5,111.4,98.6,88.5,138.6,154.1,111.2
2004,3,Pune,5,Kolhapur,362.9,564.3,155.5,685.5,317.3,46.3,485.9,701.3,144.3,198.8,191.9,96.5
2005,5,Amravati,1,Buldhana,139.3,46.8,33.6,192.2,210.2,109.4,207.4,128.7,62.1,120.5,139.5,115.8
2005,5,Amravati,2,Akola,136.9,24.7,18.0,223.2,277.9,124.5,215.5,211.0,97.9,118.1,159.3,134.9
2005,5,Amravati,3,Washim,166.4,63.6,38.2,243.6,445.9,183.0,236.1,163.5,69.3,142.9,167.9,117.5
2005,5,Amravati,4,Amravati,145.7,83.9,57.6,277.4,277.0,99.9,285.4,222.8,78.1,153.5,215.7,140.5
2005,5,Amravati,5,Yavatmal,163.9,126.5,77.2,256.7,446.9,174.1,253.7,219.7,86.6,130.7,142.4,109.0
2005,4,Chhatrapati Sambhajinagar,1,Chhatrapati Sambhajinagar,125.2,37.3,29.8,152.2,186.4,122.5,153.8,100.6,65.4,150.5,163.4,108.6
2005,4,Chhatrapati Sambhajinagar,2,Jalna,132.6,36.8,27.8,166.4,353.7,212.6,162.3,93.0,57.3,141.8,178.6,126.0
2005,4,Chhatrapati Sambhajinagar,3,Beed,128.4,57.4,44.7,127.7,345.3,270.4,138.0,98.3,71.2,172.0,233.7,135.9
2005,4,Chhatrapati Sambhajinagar,4,Latur,135.4,63.1,46.6,186.9,344.5,184.3,202.7,138.0,68.1,181.0,280.5,155.0
2005,4,Chhatrapati Sambhajinagar,5,Dharashiv,126.9,57.8,45.5,137.1,301.1,219.6,154.4,132.4,85.8,184.7,242.4,131.2
2005,4,Chhatrapati Sambhajinagar,6,Nanded,155.4,92.6,59.6,244.3,658.0,269.3,247.3,178.0,72.0,167.4,211.6,126.4
2005,4,Chhatrapati Sambhajinagar,7,Parabhani,145.3,48.4,33.3,219.2,592.7,270.4,227.8,112.0,49.2,169.0,218.8,129.5
2005,4,Chhatrapati Sambhajinagar,8,Hingoli,169.2,81.4,48.1,230.2,588.3,255.6,241.2,143.7,59.6,154.7,167.5,108.3
2005,1,Konkan,1,Thane,461.9,637.4,138.0,942.3,1562.7,165.8,691.3,839.6,121.5,337.9,789.9,233.8
2005,1,Konkan,2,Raigadh,655.8,718.4,109.5,1206.2,1428.6,118.4,874.5,841.5,96.2,412.1,711.6,172.7
2005,1,Konkan,3,Ratnagiri,813.5,787.2,96.8,1151.6,1496.4,129.9,835.9,960.1,114.9,394.1,657.5,166.8
2005,1,Konkan,4,Sindhudurg,880.1,748.3,85.0,1043.6,1196.3,114.6,689.2,598.9,86.9,327.6,519.7,158.6
2005,1,Konkan,5,Palghar,411.9,769.3,186.8,905.0,853.8,94.3,669.7,727.6,108.6,318.8,849.4,266.4
2005,6,Nagpur,1,Wardha,174.1,169.7,97.5,273.6,331.1,121.0,271.6,231.3,85.2,155.2,222.3,143.2
2005,6,Nagpur,2,Nagpur,166.3,206.8,124.4,304.4,411.7,135.2,281.3,186.4,66.3,168.4,311.5,185.0
2005,6,Nagpur,3,Bhandara,189.3,215.2,113.7,382.6,434.6,113.6,387.6,332.9,85.9,197.5,395.3,200.2
2005,6,Nagpur,4,Gondia,192.8,205.8,106.7,414.9,412.8,99.5,413.9,391.6,94.6,198.7,494.1,248.7
2005,6,Nagpur,5,Chandrapur,183.5,197.5,107.6,357.2,476.5,133.4,362.9,281.4,77.5,180.4,237.1,131.4
2005,6,Nagpur,6,Gadchiroli,210.9,235.3,111.6,427.9,549.7,128.5,426.5,393.6,92.3,188.8,347.3,184.0
2005,2,Nasik,1,Nashik,174.4,383.3,219.8,308.9,387.1,125.3,266.9,252.7,94.7,183.6,379.7,206.8
2005,2,Nasik,2,Dhule,121.5,147.8,121.6,170.9,122.9,71.9,133.2,45.3,34.0,109.5,184.6,168.6
2005,2,Nasik,3,Nandurbar,155.9,355.2,227.8,305.6,378.8,124.0,252.2,219.7,87.1,146.7,235.8,160.7
2005,2,Nasik,4,Jalgaon,123.7,61.8,50.0,189.2,146.8,77.6,196.1,125.1,63.8,123.6,167.7,135.7
2005,2,Nasik,5,Ahilyanagar,108.2,69.9,64.6,97.5,141.5,145.1,95.4,62.2,65.2,147.0,204.4,139.0
2005,3,Pune,1,Pune,176.2,335.8,190.6,309.3,523.8,169.4,219.6,341.2,155.4,156.5,362.6,231.7
2005,3,Pune,2,Solapur,102.5,40.6,39.6,94.8,167.7,176.9,107.5,122.8,114.2,176.3,146.9,83.3
2005,3,Pune,3,Satara,194.1,421.3,217.1,307.2,671.5,218.6,224.8,529.5,235.5,160.1,363.3,226.9
2005,3,Pune,4,Sangli,129.0,122.1,94.7,135.5,190.5,140.6,111.4,195.0,175.0,138.6,181.7,131.1
2005,3,Pune,5,Kolhapur,362.9,471.4,129.9,685.5,955.8,139.4,485.9,716.2,147.4,198.8,495.6,249.3
2006,5,Amravati,1,Buldhana,139.3,106.7,76.6,192.2,188.3,98.0,207.4,447.6,215.8,120.5,162.1,134.5
2006,5,Amravati,2,Akola,136.9,91.3,66.7,223.2,253.2,113.4,215.5,415.4,192.8,118.1,157.2,133.1
2006,5,Amravati,3,Washim,166.4,134.6,80.9,243.6,196.9,80.8,236.1,461.0,195.3,142.9,187.6,131.3
2006,5,Amravati,4,Amravati,145.7,65.1,44.7,277.4,283.5,102.2,285.4,325.1,113.9,153.5,164.2,107.0
2006,5,Amravati,5,Yavatmal,163.9,129.9,79.3,256.7,297.5,115.9,253.7,380.1,149.8,130.7,170.3,130.3
2006,4,Chhatrapati Sambhajinagar,1,Chhatrapati Sambhajinagar,125.2,165.8,132.4,152.2,182.0,119.6,153.8,268.7,174.7,150.5,202.0,134.2
2006,4,Chhatrapati Sambhajinagar,2,Jalna,132.6,132.5,99.9,166.4,110.8,66.6,162.3,298.0,183.6,141.8,219.3,154.7
2006,4,Chhatrapati Sambhajinagar,3,Beed,128.4,100.8,78.5,127.7,48.0,37.6,138.0,221.6,160.6,172.0,230.8,134.2
2006,4,Chhatrapati Sambhajinagar,4,Latur,135.4,123.8,91.4,186.9,107.9,57.7,202.7,281.4,138.8,181.0,233.7,129.1
2006,4,Chhatrapati Sambhajinagar,5,Dharashiv,126.9,133.4,105.1,137.1,59.0,43.0,154.4,156.6,101.4,184.7,199.9,108.2
2006,4,Chhatrapati Sambhajinagar,6,Nanded,155.4,149.6,96.3,244.3,149.4,61.2,247.3,354.7,143.4,167.4,196.4,117.3
2006,4,Chhatrapati Sambhajinagar,7,Parabhani,145.3,126.6,87.1,219.2,110.7,50.5,227.8,409.3,179.7,169.0,172.0,101.8
2006,4,Chhatrapati Sambhajinagar,8,Hingoli,169.2,170.0,100.5,230.2,177.6,77.2,241.2,528.6,219.2,154.7,206.8,133.7
2006,1,Konkan,1,Thane,461.9,503.0,108.9,942.3,1157.0,122.8,691.3,1041.5,150.7,337.9,231.5,68.5
2006,1,Konkan,2,Raigadh,655.8,642.9,98.0,1206.2,1328.6,110.1,874.5,997.6,114.1,412.1,326.9,79.3
2006,1,Konkan,3,Ratnagiri,813.5,910.5,111.9,1151.6,1333.1,115.8,835.9,965.8,115.5,394.1,606.5,153.9
2006,1,Konkan,4,Sindhudurg,880.1,762.3,86.6,1043.6,815.2,78.1,689.2,667.2,96.8,327.6,532.5,162.5
2006,1,Konkan,5,Palghar,411.9,490.0,119.0,905.0,1176.0,129.9,669.7,1100.6,164.3,318.8,298.5,93.6
2006,6,Nagpur,1,Wardha,174.1,98.6,56.6,273.6,369.4,135.0,271.6,296.7,109.2,155.2,134.4,86.6
2006,6,Nagpur,2,Nagpur,166.3,114.7,69.0,304.4,332.9,109.4,281.3,293.3,104.3,168.4,142.5,84.6
2006,6,Nagpur,3,Bhandara,189.3,80.2,42.4,382.6,385.5,100.8,387.6,353.2,91.1,197.5,126.0,63.8
2006,6,Nagpur,4,Gondia,192.8,86.0,44.6,414.9,482.9,116.4,413.9,734.5,177.5,198.7,131.2,66.0
2006,6,Nagpur,5,Chandrapur,183.5,133.6,72.8,357.2,471.5,132.0,362.9,339.4,93.5,180.4,194.1,107.6
2006,6,Nagpur,6,Gadchiroli,210.9,141.0,66.9,427.9,579.7,135.5,426.5,602.0,141.1,188.8,235.5,124.7
2006,2,Nasik,1,Nashik,174.4,170.7,97.9,308.9,574.7,186.0,266.9,684.8,256.6,183.6,205.4,111.9
2006,2,Nasik,2,Dhule,121.5,113.4,93.3,170.9,271.0,158.6,133.2,269.1,202.0,109.5,236.7,216.2
2006,2,Nasik,3,Nandurbar,155.9,158.6,101.7,305.6,596.2,195.1,252.2,576.7,228.7,146.7,201.6,137.4
2006,2,Nasik,4,Jalgaon,123.7,119.6,96.7,189.2,344.8,182.2,196.1,476.6,243.0,123.6,233.9,189.2
2006,2,Nasik,5,Ahilyanagar,108.2,184.7,170.7,97.5,103.7,106.4,95.4,157.9,165.5,147.0,224.6,152.8
2006,3,Pune,1,Pune,176.2,232.4,131.9,309.3,486.2,157.2,219.6,473.7,215.7,156.5,210.8,134.7
2006,3,Pune,2,Solapur,102.5,144.6,141.1,94.8,34.8,36.7,107.5,65.3,60.7,176.3,237.2,134.5
2006,3,Pune,3,Satara,194.1,339.5,174.9,307.2,762.7,248.3,224.8,586.5,260.9,160.1,193.8,121.0
2006,3,Pune,4,Sangli,129.0,159.2,123.4,135.5,174.2,128.6,111.4,144.0,129.3,138.6,154.6,111.5
2006,3,Pune,5,Kolhapur,362.9,407.6,112.3,685.5,980.5,143.0,485.9,814.8,167.7,198.8,300.7,151.3
2007,5,Amravati,1,Buldhana,139.3,136.4,97.9,192.2,249.3,129.7,207.4,173.0,83.4,120.5,171.1,142.0
2007,5,Amravati,2,Akola,136.9,134.3,98.1,223.2,303.1,135.8,215.5,219.1,101.7,118.1,209.5,177.4
2007,5,Amravati,3,Washim,166.4,172.6,103.7,243.6,273.6,112.3,236.1,203.2,86.1,142.9,180.3,126.2
2007,5,Amravati,4,Amravati,145.7,208.3,143.0,277.4,494.6,178.3,285.4,263.6,92.4,153.5,234.9,153.0
2007,5,Amravati,5,Yavatmal,163.9,180.3,110.0,256.7,268.3,104.5,253.7,167.4,66.0,130.7,222.8,170.5
2007,4,Chhatrapati Sambhajinagar,1,Chhatrapati Sambhajinagar,125.2,147.2,117.6,152.2,161.5,106.1,153.8,105.5,68.6,150.5,163.3,108.5
2007,4,Chhatrapati Sambhajinagar,2,Jalna,132.6,163.0,122.9,166.4,143.5,86.2,162.3,131.9,81.3,141.8,140.3,98.9
2007,4,Chhatrapati Sambhajinagar,3,Beed,128.4,174.4,135.8,127.7,80.9,63.4,138.0,116.7,84.6,172.0,320.0,186.0
2007,4,Chhatrapati Sambhajinagar,4,Latur,135.4,277.4,204.9,186.9,89.7,48.0,202.7,144.4,71.2,181.0,327.0,180.7
2007,4,Chhatrapati Sambhajinagar,5,Dharashiv,126.9,220.4,173.7,137.1,79.6,58.1,154.4,137.8,89.2,184.7,290.1,157.1
2007,4,Chhatrapati Sambhajinagar,6,Nanded,155.4,158.0,101.7,244.3,137.8,56.4,247.3,191.4,77.4,167.4,207.7,124.1
2007,4,Chhatrapati Sambhajinagar,7,Parabhani,145.3,173.5,119.4,219.2,187.2,85.4,227.8,178.3,78.3,169.0,252.1,149.2
2007,4,Chhatrapati Sambhajinagar,8,Hingoli,169.2,167.3,98.9,230.2,154.4,67.1,241.2,204.0,84.6,154.7,200.2,129.4
2007,1,Konkan,1,Thane,461.9,532.0,115.2,942.3,748.3,79.4,691.3,798.3,115.5,337.9,411.6,121.8
2007,1,Konkan,2,Raigadh,655.8,1095.5,167.0,1206.2,954.9,79.2,874.5,990.3,113.2,412.1,560.5,136.0
2007,1,Konkan,3,Ratnagiri,813.5,1268.5,155.9,1151.6,930.8,80.8,835.9,1151.3,137.7,394.1,782.4,198.5
2007,1,Konkan,4,Sindhudurg,880.1,985.8,112.0,1043.6,727.5,69.7,689.2,996.9,144.6,327.6,733.1,223.8
2007,1,Konkan,5,Palghar,411.9,472.1,114.6,905.0,693.0,76.6,669.7,990.8,147.9,318.8,467.0,146.5
2007,6,Nagpur,1,Wardha,174.1,317.5,182.4,273.6,397.8,145.4,271.6,274.6,101.1,155.2,258.2,166.4
2007,6,Nagpur,2,Nagpur,166.3,262.6,157.9,304.4,353.3,116.1,281.3,279.7,99.4,168.4,223.2,132.5
2007,6,Nagpur,3,Bhandara,189.3,287.8,152.0,382.6,397.0,103.8,387.6,380.9,98.3,197.5,210.1,106.4
2007,6,Nagpur,4,Gondia,192.8,273.3,141.8,414.9,421.0,101.5,413.9,282.3,68.2,198.7,231.7,116.6
2007,6,Nagpur,5,Chandrapur,183.5,399.7,217.8,357.2,326.9,91.5,362.9,351.8,96.9,180.4,261.4,144.9
2007,6,Nagpur,6,Gadchiroli,210.9,371.4,176.1,427.9,373.0,87.2,426.5,464.8,109.0,188.8,344.1,182.3
2007,2,Nasik,1,Nashik,174.4,281.2,161.2,308.9,366.0,118.5,266.9,352.9,132.2,183.6,210.8,114.8
2007,2,Nasik,2,Dhule,121.5,121.6,100.1,170.9,334.7,195.8,133.2,133.0,99.8,109.5,180.5,164.8
2007,2,Nasik,3,Nandurbar,155.9,161.7,103.7,305.6,595.2,194.8,252.2,242.9,96.3,146.7,173.5,118.3
2007,2,Nasik,4,Jalgaon,123.7,97.7,79.0,189.2,254.7,134.6,196.1,132.9,67.8,123.6,156.9,126.9
2007,2,Nasik,5,Ahilyanagar,108.2,192.5,177.9,97.5,84.7,86.9,95.4,121.7,127.6,147.0,152.7,103.9
2007,3,Pune,1,Pune,176.2,330.6,187.6,309.3,330.9,107.0,219.6,271.3,123.5,156.5,153.0,97.8
2007,3,Pune,2,Solapur,102.5,236.5,230.7,94.8,52.8,55.7,107.5,131.8,122.6,176.3,220.3,125.0
2007,3,Pune,3,Satara,194.1,483.8,249.3,307.2,464.3,151.1,224.8,393.3,175.0,160.1,198.2,123.8
2007,3,Pune,4,Sangli,129.0,270.6,209.8,135.5,109.1,80.5,111.4,147.3,132.2,138.6,125.7,90.7
2007,3,Pune,5,Kolhapur,362.9,648.6,178.7,685.5,623.9,91.0,485.9,674.6,138.8,198.8,287.6,144.7
2008,5,Amravati,1,Buldhana,139.3,78.3,56.2,192.2,150.4,78.3,207.4,120.9,58.3,120.5,234.7,194.8
2008,5,Amravati,2,Akola,136.9,73.6,53.8,223.2,124.2,55.6,215.5,133.2,61.8,118.1,204.5,173.2
2008,5,Amravati,3,Washim,166.4,102.9,61.8,243.6,157.8,64.8,236.1,106.6,45.2,142.9,205.8,144.0
2008,5,Amravati,4,Amravati,145.7,84.7,58.1,277.4,184.3,66.4,285.4,152.9,53.6,153.5,196.8,128.2
2008,5,Amravati,5,Yavatmal,163.9,87.0,53.1,256.7,227.8,88.7,253.7,205.2,80.9,130.7,147.2,112.6
2008,4,Chhatrapati Sambhajinagar,1,Chhatrapati Sambhajinagar,125.2,48.5,38.7,152.2,89.8,59.0,153.8,131.4,85.4,150.5,331.6,220.3
2008,4,Chhatrapati Sambhajinagar,2,Jalna,132.6,70.1,52.9,166.4,116.7,70.1,162.3,116.4,71.7,141.8,241.2,170.1
2008,4,Chhatrapati Sambhajinagar,3,Beed,128.4,64.3,50.1,127.7,82.4,64.5,138.0,169.2,122.6,172.0,283.7,164.9
2008,4,Chhatrapati Sambhajinagar,4,Latur,135.4,33.8,25.0,186.9,121.5,65.0,202.7,182.5,90.0,181.0,334.4,184.8
2008,4,Chhatrapati Sambhajinagar,5,Dharashiv,126.9,50.6,39.9,137.1,101.4,74.0,154.4,170.4,110.4,184.7,318.2,172.3
2008,4,Chhatrapati Sambhajinagar,6,Nanded,155.4,94.2,60.6,244.3,136.4,55.8,247.3,182.8,73.9,167.4,203.0,121.3
2008,4,Chhatrapati Sambhajinagar,7,Parabhani,145.3,103.9,71.5,219.2,119.9,54.7,227.8,111.8,49.1,169.0,220.2,130.3
2008,4,Chhatrapati Sambhajinagar,8,Hingoli,169.2,65.3,38.6,230.2,136.0,59.1,241.2,104.1,43.2,154.7,191.1,123.5
2008,1,Konkan,1,Thane,461.9,569.9,123.4,942.3,868.5,92.2,691.3,712.9,103.1,337.9,405.5,120.0
2008,1,Konkan,2,Raigadh,655.8,812.2,123.8,1206.2,872.8,72.4,874.5,867.8,99.2,412.1,486.1,118.0
2008,1,Konkan,3,Ratnagiri,813.5,966.1,118.8,1151.6,714.8,62.1,835.9,944.3,113.0,394.1,729.1,185.0
2008,1,Konkan,4,Sindhudurg,880.1,863.9,98.2,1043.6,633.5,60.7,689.2,941.8,136.7,327.6,690.8,210.9
2008,1,Konkan,5,Palghar,411.9,488.4,118.6,905.0,1019.9,112.7,669.7,926.3,138.3,318.8,422.3,132.5
2008,6,Nagpur,1,Wardha,174.1,98.7,56.7,273.6,332.4,121.5,271.6,187.6,69.1,155.2,168.1,108.3
2008,6,Nagpur,2,Nagpur,166.3,180.6,108.6,304.4,295.2,97.0,281.3,196.2,69.7,168.4,109.2,64.8
2008,6,Nagpur,3,Bhandara,189.3,194.9,103.0,382.6,324.0,84.7,387.6,262.6,67.8,197.5,117.4,59.4
2008,6,Nagpur,4,Gondia,192.8,268.9,139.5,414.9,276.5,66.6,413.9,386.7,93.4,198.7,122.7,61.8
2008,6,Nagpur,5,Chandrapur,183.5,139.6,76.1,357.2,301.4,84.4,362.9,407.1,112.2,180.4,142.8,79.2
2008,6,Nagpur,6,Gadchiroli,210.9,219.3,104.0,427.9,406.1,94.9,426.5,429.7,100.8,188.8,117.4,62.2
2008,2,Nasik,1,Nashik,174.4,62.3,35.7,308.9,252.2,81.6,266.9,362.3,135.7,183.6,516.7,281.4
2008,2,Nasik,2,Dhule,121.5,36.7,30.2,170.9,152.8,89.4,133.2,80.5,60.4,109.5,222.9,203.6
2008,2,Nasik,3,Nandurbar,155.9,100.1,64.2,305.6,231.0,75.6,252.2,345.2,136.9,146.7,321.6,219.2
2008,2,Nasik,4,Jalgaon,123.7,57.3,46.3,189.2,137.2,72.5,196.1,96.3,49.1,123.6,235.8,190.8
2008,2,Nasik,5,Ahilyanagar,108.2,33.9,31.3,97.5,56.4,57.8,95.4,111.0,116.4,147.0,319.8,217.6
2008,3,Pune,1,Pune,176.2,142.9,81.1,309.3,134.3,43.4,219.6,232.6,105.9,156.5,287.9,184.0
2008,3,Pune,2,Solapur,102.5,14.2,13.9,94.8,70.7,74.6,107.5,160.9,149.7,176.3,275.1,156.0
2008,3,Pune,3,Satara,194.1,212.5,109.5,307.2,188.0,61.2,224.8,423.3,188.3,160.1,264.8,165.4
2008,3,Pune,4,Sangli,129.0,59.2,45.9,135.5,29.5,21.8,111.4,130.7,117.3,138.6,181.7,131.1
2008,3,Pune,5,Kolhapur,362.9,436.7,120.3,685.5,330.0,48.1,485.9,672.1,138.3,198.8,421.6,212.1
2009,5,Amravati,1,Buldhana,139.3,84.6,60.7,192.2,244.7,127.3,207.4,167.9,81.0,120.5,63.6,52.8
2009,5,Amravati,2,Akola,136.9,82.3,60.1,223.2,237.4,106.4,215.5,170.3,79.0,118.1,81.9,69.3
2009,5,Amravati,3,Washim,166.4,81.3,48.9,243.6,184.4,75.7,236.1,147.7,62.6,142.9,104.0,72.8
2009,5,Amravati,4,Amravati,145.7,71.2,48.9,277.4,297.7,107.3,285.4,129.5,45.4,153.5,92.3,60.1
2009,5,Amravati,5,Yavatmal,163.9,100.2,61.1,256.7,149.7,58.3,253.7,123.0,48.5,130.7,110.3,84.4
2009,4,Chhatrapati Sambhajinagar,1,Chhatrapati Sambhajinagar,125.2,33.8,27.0,152.2,180.0,118.3,153.8,123.3,80.2,150.5,156.7,104.1
2009,4,Chhatrapati Sambhajinagar,2,Jalna,132.6,45.9,34.6,166.4,185.2,111.3,162.3,174.4,107.5,141.8,123.0,86.7
2009,4,Chhatrapati Sambhajinagar,3,Beed,128.4,67.8,52.8,127.7,131.1,102.7,138.0,169.4,122.8,172.0,211.1,122.7
2009,4,Chhatrapati Sambhajinagar,4,Latur,135.4,88.1,65.1,186.9,89.9,48.1,202.7,169.3,83.5,181.0,119.0,65.7
2009,4,Chhatrapati Sambhajinagar,5,Dharashiv,126.9,70.0,55.2,137.1,100.0,72.9,154.4,195.2,126.4,184.7,244.7,132.5
2009,4,Chhatrapati Sambhajinagar,6,Nanded,155.4,77.6,49.9,244.3,138.4,56.7,247.3,122.7,49.6,167.4,126.3,75.4
2009,4,Chhatrapati Sambhajinagar,7,Parabhani,145.3,41.4,28.5,219.2,137.4,62.7,227.8,226.4,99.4,169.0,155.4,92.0
2009,4,Chhatrapati Sambhajinagar,8,Hingoli,169.2,91.3,54.0,230.2,145.9,63.4,241.2,182.6,75.7,154.7,120.4,77.8
2009,1,Konkan,1,Thane,461.9,91.5,19.8,942.3,1043.1,110.7,691.3,161.5,23.4,337.9,247.1,73.1
2009,1,Konkan,2,Raigadh,655.8,222.6,33.9,1206.2,1113.0,92.3,874.5,256.7,29.4,412.1,324.6,78.8
2009,1,Konkan,3,Ratnagiri,813.5,335.9,41.3,1151.6,1522.3,132.2,835.9,423.3,50.6,394.1,555.1,140.9
2009,1,Konkan,4,Sindhudurg,880.1,617.6,70.2,1043.6,1588.3,152.2,689.2,359.3,52.1,327.6,434.2,132.5
2009,1,Konkan,5,Palghar,411.9,185.3,45.0,905.0,1410.9,155.9,669.7,238.6,35.6,318.8,211.4,66.3
2009,6,Nagpur,1,Wardha,174.1,82.3,47.3,273.6,264.7,96.7,271.6,128.6,47.3,155.2,87.3,56.3
2009,6,Nagpur,2,Nagpur,166.3,87.8,52.8,304.4,458.1,150.5,281.3,186.8,66.4,168.4,111.4,66.2
2009,6,Nagpur,3,Bhandara,189.3,65.1,34.4,382.6,461.0,120.5,387.6,224.4,57.9,197.5,112.1,56.8
2009,6,Nagpur,4,Gondia,192.8,51.7,26.8,414.9,514.7,124.1,413.9,233.8,56.5,198.7,124.6,62.7
2009,6,Nagpur,5,Chandrapur,183.5,51.5,28.1,357.2,317.3,88.8,362.9,186.5,51.4,180.4,61.8,34.3
2009,6,Nagpur,6,Gadchiroli,210.9,77.2,36.6,427.9,415.7,97.1,426.5,255.2,59.8,188.8,87.8,46.5
2009,2,Nasik,1,Nashik,174.4,49.4,28.3,308.9,390.8,126.5,266.9,120.2,45.0,183.6,110.0,59.9
2009,2,Nasik,2,Dhule,121.5,83.9,69.1,170.9,194.7,113.9,133.2,114.2,85.7,109.5,155.5,142.0
2009,2,Nasik,3,Nandurbar,155.9,28.2,18.1,305.6,310.0,101.4,252.2,152.9,60.6,146.7,112.5,76.7
2009,2,Nasik,4,Jalgaon,123.7,58.8,47.5,189.2,224.4,118.6,196.1,113.7,58.0,123.6,117.2,94.8
2009,2,Nasik,5,Ahilyanagar,108.2,71.7,66.3,97.5,127.4,130.7,95.4,125.9,132.0,147.0,123.7,84.1
2009,3,Pune,1,Pune,176.2,62.0,35.2,309.3,357.9,115.7,219.6,144.8,65.9,156.5,146.6,93.7
2009,3,Pune,2,Solapur,102.5,90.0,87.8,94.8,54.3,57.3,107.5,164.8,153.3,176.3,230.6,130.8
2009,3,Pune,3,Satara,194.1,83.8,43.2,307.2,595.1,193.7,224.8,212.8,94.7,160.1,197.9,123.6
2009,3,Pune,4,Sangli,129.0,57.0,44.2,135.5,147.6,108.9,111.4,113.8,102.2,138.6,188.3,135.9
2009,3,Pune,5,Kolhapur,362.9,93.7,25.8,685.5,1097.4,160.1,485.9,232.1,47.8,198.8,292.2,147.0
2010,5,Amravati,1,Buldhana,139.3,172.9,124.1,192.2,386.7,201.2,207.4,286.3,138.0,120.5,100.5,83.4
2010,5,Amravati,2,Akola,136.9,110.4,80.6,223.2,332.9,149.1,215.5,244.3,113.4,118.1,92.8,78.6
2010,5,Amravati,3,Washim,166.4,195.3,117.4,243.6,424.6,174.3,236.1,246.1,104.2,142.9,113.9,79.7
2010,5,Amravati,4,Amravati,145.7,127.1,87.2,277.4,400.8,144.5,285.4,341.2,119.6,153.5,149.4,97.3
2010,5,Amravati,5,Yavatmal,163.9,120.9,73.8,256.7,414.3,161.4,253.7,363.6,143.3,130.7,147.5,112.9
2010,4,Chhatrapati Sambhajinagar,1,Chhatrapati Sambhajinagar,125.2,176.4,140.9,152.2,234.3,153.9,153.8,255.5,166.1,150.5,97.9,65.0
2010,4,Chhatrapati Sambhajinagar,2,Jalna,132.6,92.7,69.9,166.4,295.1,177.3,162.3,291.8,179.8,141.8,113.8,80.3
2010,4,Chhatrapati Sambhajinagar,3,Beed,128.4,145.2,113.1,127.7,275.9,216.1,138.0,258.9,187.6,172.0,155.3,90.3
2010,4,Chhatrapati Sambhajinagar,4,Latur,135.4,109.4,80.8,186.9,354.9,189.9,202.7,315.1,155.5,181.0,167.5,92.5
2010,4,Chhatrapati Sambhajinagar,5,Dharashiv,126.9,140.2,110.5,137.1,326.2,237.9,154.4,266.7,172.7,184.7,167.6,90.7
2010,4,Chhatrapati Sambhajinagar,6,Nanded,155.4,83.5,53.7,244.3,376.1,154.0,247.3,299.0,120.9,167.4,219.3,131.0
2010,4,Chhatrapati Sambhajinagar,7,Parabhani,145.3,71.3,49.1,219.2,359.2,163.9,227.8,307.3,134.9,169.0,183.4,108.5
2010,4,Chhatrapati Sambhajinagar,8,Hingoli,169.2,119.0,70.3,230.2,526.7,228.8,241.2,380.7,157.8,154.7,163.5,105.7
2010,1,Konkan,1,Thane,461.9,412.5,89.3,942.3,958.6,101.7,691.3,875.2,126.6,337.9,439.1,129.9
2010,1,Konkan,2,Raigadh,655.8,497.6,75.9,1206.2,1354.6,112.3,874.5,889.8,101.7,412.1,506.4,122.9
2010,1,Konkan,3,Ratnagiri,813.5,861.3,105.9,1151.6,1822.8,158.3,835.9,771.0,92.2,394.1,674.7,171.2
2010,1,Konkan,4,Sindhudurg,880.1,1006.7,114.4,1043.6,1749.1,167.6,689.2,884.5,128.3,327.6,564.5,172.3
2010,1,Konkan,5,Palghar,411.9,390.2,94.7,905.0,1098.0,121.3,669.7,895.3,133.7,318.8,426.1,133.7
2010,6,Nagpur,1,Wardha,174.1,154.7,88.9,273.6,422.5,154.4,271.6,346.6,127.6,155.2,227.6,146.6
2010,6,Nagpur,2,Nagpur,166.3,147.0,88.4,304.4,382.4,125.6,281.3,398.1,141.5,168.4,224.6,133.4
2010,6,Nagpur,3,Bhandara,189.3,190.7,100.7,382.6,579.7,151.5,387.6,333.0,85.9,197.5,320.0,162.0
2010,6,Nagpur,4,Gondia,192.8,174.6,90.6,414.9,643.2,155.0,413.9,316.9,76.6,198.7,314.4,158.2
2010,6,Nagpur,5,Chandrapur,183.5,146.9,80.1,357.2,475.9,133.2,362.9,503.0,138.6,180.4,363.3,201.4
2010,6,Nagpur,6,Gadchiroli,210.9,137.6,65.2,427.9,586.9,137.2,426.5,576.1,135.1,188.8,441.9,234.1
2010,2,Nasik,1,Nashik,174.4,190.7,109.3,308.9,252.8,81.8,266.9,308.2,115.5,183.6,157.9,86.0
2010,2,Nasik,2,Dhule,121.5,114.8,94.5,170.9,211.7,123.9,133.2,166.4,124.9,109.5,59.4,54.2
2010,2,Nasik,3,Nandurbar,155.9,90.9,58.3,305.6,244.1,79.9,252.2,227.4,90.2,146.7,116.8,79.6
2010,2,Nasik,4,Jalgaon,123.7,94.6,76.5,189.2,296.8,156.9,196.1,238.5,121.6,123.6,118.3,95.7
2010,2,Nasik,5,Ahilyanagar,108.2,168.3,155.5,97.5,163.9,168.1,95.4,197.5,207.0,147.0,184.6,125.6
2010,3,Pune,1,Pune,176.2,212.6,120.7,309.3,261.5,84.5,219.6,205.5,93.6,156.5,182.9,116.9
2010,3,Pune,2,Solapur,102.5,146.2,142.6,94.8,185.4,195.6,107.5,251.0,233.5,176.3,135.4,76.8
2010,3,Pune,3,Satara,194.1,305.0,157.1,307.2,408.2,132.9,224.8,244.1,108.6,160.1,240.0,149.9
2010,3,Pune,4,Sangli,129.0,164.4,127.4,135.5,145.0,107.0,111.4,121.9,109.4,138.6,139.5,100.6
2010,3,Pune,5,Kolhapur,362.9,353.7,97.5,685.5,765.0,111.6,485.9,337.7,69.5,198.8,318.6,160.3
2011,5,Amravati,1,Buldhana,139.3,55.0,39.5,192.2,278.6,145.0,207.4,176.4,85.1,120.5,116.4,96.6
2011,5,Amravati,2,Akola,136.9,124.4,90.9,223.2,190.3,85.3,215.5,175.1,81.3,118.1,130.6,110.6
2011,5,Amravati,3,Washim,166.4,116.6,70.1,243.6,255.7,105.0,236.1,236.5,100.2,142.9,99.2,69.4
2011,5,Amravati,4,Amravati,145.7,120.0,82.4,277.4,244.1,88.0,285.4,340.1,119.2,153.5,153.3,99.9
2011,5,Amravati,5,Yavatmal,163.9,159.6,97.4,256.7,249.5,97.2,253.7,235.1,92.7,130.7,135.5,103.7
2011,4,Chhatrapati Sambhajinagar,1,Chhatrapati Sambhajinagar,125.2,56.1,44.8,152.2,179.2,117.7,153.8,209.4,136.2,150.5,114.5,76.1
2011,4,Chhatrapati Sambhajinagar,2,Jalna,132.6,38.0,28.7,166.4,209.7,126.0,162.3,192.9,118.9,141.8,102.0,71.9
2011,4,Chhatrapati Sambhajinagar,3,Beed,128.4,68.4,53.3,127.7,302.4,236.8,138.0,243.5,176.4,172.0,69.1,40.2
2011,4,Chhatrapati Sambhajinagar,4,Latur,135.4,34.0,25.1,186.9,318.5,170.4,202.7,255.1,125.9,181.0,88.4,48.8
2011,4,Chhatrapati Sambhajinagar,5,Dharashiv,126.9,51.6,40.7,137.1,176.3,128.6,154.4,182.2,118.0,184.7,56.5,30.6
2011,4,Chhatrapati Sambhajinagar,6,Nanded,155.4,93.1,59.9,244.3,210.5,86.2,247.3,293.9,118.8,167.4,90.3,53.9
2011,4,Chhatrapati Sambhajinagar,7,Parabhani,145.3,58.1,40.0,219.2,289.1,131.9,227.8,187.5,82.3,169.0,89.8,53.1
2011,4,Chhatrapati Sambhajinagar,8,Hingoli,169.2,154.1,91.1,230.2,176.1,76.5,241.2,290.2,120.3,154.7,142.7,92.2
2011,1,Konkan,1,Thane,461.9,458.2,99.2,942.3,1065.7,113.1,691.3,893.7,129.3,337.9,342.0,101.2
2011,1,Konkan,2,Raigadh,655.8,738.7,112.6,1206.2,1501.6,124.5,874.5,973.2,111.3,412.1,498.5,121.0
2011,1,Konkan,3,Ratnagiri,813.5,1145.0,140.7,1151.6,1751.0,152.0,835.9,1238.7,148.2,394.1,543.1,137.8
2011,1,Konkan,4,Sindhudurg,880.1,1212.4,137.8,1043.6,1387.0,132.9,689.2,982.4,142.5,327.6,563.5,172.0
2011,1,Konkan,5,Palghar,411.9,264.3,64.2,905.0,1186.9,131.1,669.7,1051.4,157.0,318.8,364.0,114.2
2011,6,Nagpur,1,Wardha,174.1,122.6,70.4,273.6,234.7,85.8,271.6,385.1,141.8,155.2,224.0,144.3
2011,6,Nagpur,2,Nagpur,166.3,130.3,78.4,304.4,273.2,89.8,281.3,345.2,122.7,168.4,192.7,114.4
2011,6,Nagpur,3,Bhandara,189.3,147.8,78.1,382.6,303.3,79.3,387.6,388.1,100.1,197.5,249.2,126.2
2011,6,Nagpur,4,Gondia,192.8,191.1,99.1,414.9,327.9,79.0,413.9,399.4,96.5,198.7,271.4,136.6
2011,6,Nagpur,5,Chandrapur,183.5,178.3,97.2,357.2,211.2,59.1,362.9,367.9,101.4,180.4,233.7,129.5
2011,6,Nagpur,6,Gadchiroli,210.9,187.5,88.9,427.9,267.9,62.6,426.5,403.4,94.6,188.8,329.8,174.7
2011,2,Nasik,1,Nashik,174.4,100.0,57.3,308.9,303.3,98.2,266.9,296.9,111.2,183.6,158.9,86.5
2011,2,Nasik,2,Dhule,121.5,43.6,35.9,170.9,148.1,86.7,133.2,212.7,159.7,109.5,141.1,128.9
2011,2,Nasik,3,Nandurbar,155.9,67.6,43.4,305.6,283.6,92.8,252.2,331.2,131.3,146.7,118.1,80.5
2011,2,Nasik,4,Jalgaon,123.7,29.7,24.0,189.2,208.4,110.1,196.1,259.6,132.4,123.6,110.4,89.3
2011,2,Nasik,5,Ahilyanagar,108.2,60.6,56.0,97.5,159.6,163.7,95.4,165.5,173.5,147.0,76.8,52.2
2011,3,Pune,1,Pune,176.2,197.0,111.8,309.3,244.8,79.1,219.6,213.1,97.0,156.5,195.3,124.8
2011,3,Pune,2,Solapur,102.5,37.6,36.7,94.8,157.2,165.8,107.5,174.8,162.6,176.3,42.1,23.9
2011,3,Pune,3,Satara,194.1,251.4,129.5,307.2,391.6,127.5,224.8,315.2,140.2,160.1,268.3,167.6
2011,3,Pune,4,Sangli,129.0,86.7,67.2,135.5,85.5,63.1,111.4,96.8,86.9,138.6,68.2,49.2
2011,3,Pune,5,Kolhapur,362.9,535.9,147.7,685.5,655.0,95.6,485.9,495.9,102.1,198.8,335.8,168.9
2012,5,Amravati,1,Buldhana,139.3,113.9,81.8,192.2,201.8,105.0,207.4,110.9,53.5,120.5,141.7,117.6
2012,5,Amravati,2,Akola,136.9,151.4,110.6,223.2,292.9,131.2,215.5,148.8,69.0,118.1,198.7,168.2
2012,5,Amravati,3,Washim,166.4,153.1,92.0,243.6,328.4,134.8,236.1,148.1,62.7,142.9,164.9,115.4
2012,5,Amravati,4,Amravati,145.7,176.5,121.1,277.4,282.4,101.8,285.4,244.5,85.7,153.5,318.1,207.2
2012,5,Amravati,5,Yavatmal,163.9,170.9,104.3,256.7,357.1,139.1,253.7,184.5,72.7,130.7,195.7,149.7
2012,4,Chhatrapati Sambhajinagar,1,Chhatrapati Sambhajinagar,125.2,49.1,39.2,152.2,118.6,77.9,153.8,67.6,44.0,150.5,84.7,56.3
2012,4,Chhatrapati Sambhajinagar,2,Jalna,132.6,43.4,32.7,166.4,95.3,57.3,162.3,62.8,38.7,141.8,78.8,55.6
2012,4,Chhatrapati Sambhajinagar,3,Beed,128.4,81.1,63.2,127.7,108.6,85.0,138.0,82.7,59.9,172.0,107.3,62.4
2012,4,Chhatrapati Sambhajinagar,4,Latur,135.4,115.9,85.6,186.9,183.5,98.2,202.7,160.8,79.3,181.0,163.9,90.6
2012,4,Chhatrapati Sambhajinagar,5,Dharashiv,126.9,46.1,36.3,137.1,142.2,103.7,154.4,46.6,30.2,184.7,107.0,57.9
2012,4,Chhatrapati Sambhajinagar,6,Nanded,155.4,108.6,69.9,244.3,219.5,89.8,247.3,156.1,63.1,167.4,125.7,75.1
2012,4,Chhatrapati Sambhajinagar,7,Parabhani,145.3,99.5,68.5,219.2,192.5,87.8,227.8,107.4,47.1,169.0,159.3,94.3
2012,4,Chhatrapati Sambhajinagar,8,Hingoli,169.2,56.3,33.3,230.2,278.8,121.1,241.2,139.6,57.9,154.7,175.4,113.4
2012,1,Konkan,1,Thane,461.9,296.2,64.1,942.3,679.7,72.1,691.3,579.5,83.8,337.9,590.8,174.8
2012,1,Konkan,2,Raigadh,655.8,445.4,67.9,1206.2,895.7,74.3,874.5,858.5,98.2,412.1,599.9,145.6
2012,1,Konkan,3,Ratnagiri,813.5,809.2,99.5,1151.6,1305.4,113.4,835.9,911.7,109.1,394.1,560.0,142.1
2012,1,Konkan,4,Sindhudurg,880.1,984.9,111.9,1043.6,958.0,91.8,689.2,768.5,111.5,327.6,393.9,120.2
2012,1,Konkan,5,Palghar,411.9,186.2,45.2,905.0,727.5,80.4,669.7,490.2,73.2,318.8,528.5,165.8
2012,6,Nagpur,1,Wardha,174.1,123.3,70.8,273.6,213.1,77.9,271.6,204.4,75.3,155.2,310.0,199.7
2012,6,Nagpur,2,Nagpur,166.3,78.0,46.9,304.4,347.0,114.0,281.3,289.4,102.9,168.4,279.3,165.9
2012,6,Nagpur,3,Bhandara,189.3,130.3,68.8,382.6,407.5,106.5,387.6,530.6,136.9,197.5,232.8,117.9
2012,6,Nagpur,4,Gondia,192.8,92.6,48.0,414.9,453.4,109.3,413.9,446.1,107.8,198.7,241.5,121.5
2012,6,Nagpur,5,Chandrapur,183.5,102.2,55.7,357.2,449.6,125.9,362.9,455.4,125.5,180.4,257.9,143.0
2012,6,Nagpur,6,Gadchiroli,210.9,98.0,46.5,427.9,559.0,130.6,426.5,593.3,139.1,188.8,310.0,164.2
2012,2,Nasik,1,Nashik,174.4,83.2,47.7,308.9,262.0,84.8,266.9,280.1,104.9,183.6,162.4,88.5
2012,2,Nasik,2,Dhule,121.5,32.8,27.0,170.9,171.9,100.6,133.2,112.3,84.3,109.5,80.0,73.1
2012,2,Nasik,3,Nandurbar,155.9,26.7,17.1,305.6,220.1,72.0,252.2,265.5,105.3,146.7,206.9,141.0
2012,2,Nasik,4,Jalgaon,123.7,20.8,16.8,189.2,181.5,95.9,196.1,102.5,52.3,123.6,86.2,69.7
2012,2,Nasik,5,Ahilyanagar,108.2,39.6,36.6,97.5,86.8,89.0,95.4,63.8,66.9,147.0,93.7,63.7
2012,3,Pune,1,Pune,176.2,55.8,31.7,309.3,186.0,60.1,219.6,214.8,97.8,156.5,116.8,74.6
2012,3,Pune,2,Solapur,102.5,56.1,54.7,94.8,93.6,98.7,107.5,53.2,49.5,176.3,103.8,58.9
2012,3,Pune,3,Satara,194.1,114.2,58.8,307.2,271.5,88.4,224.8,278.2,123.8,160.1,123.9,77.4
2012,3,Pune,4,Sangli,129.0,48.0,37.2,135.5,78.8,58.2,111.4,58.9,52.9,138.6,68.1,49.1
2012,3,Pune,5,Kolhapur,362.9,232.4,64.0,685.5,585.7,85.4,485.9,454.5,93.5,198.8,268.5,135.1
2013,5,Amravati,1,Buldhana,139.3,250.0,179.5,192.2,275.4,143.3,207.4,186.4,89.9,120.5,133.2,110.5
2013,5,Amravati,2,Akola,136.9,258.8,189.0,223.2,239.5,107.3,215.5,201.9,93.7,118.1,132.4,112.1
2013,5,Amravati,3,Washim,166.4,429.6,258.2,243.6,360.0,147.8,236.1,280.4,118.8,142.9,149.2,104.4
2013,5,Amravati,4,Amravati,145.7,298.7,205.0,277.4,275.0,99.1,285.4,238.5,83.6,153.5,127.8,83.3
2013,5,Amravati,5,Yavatmal,163.9,342.3,208.8,256.7,440.5,171.6,253.7,218.8,86.2,130.7,103.4,79.1
2013,4,Chhatrapati Sambhajinagar,1,Chhatrapati Sambhajinagar,125.2,159.3,127.2,152.2,161.7,106.2,153.8,112.6,73.2,150.5,149.8,99.5
2013,4,Chhatrapati Sambhajinagar,2,Jalna,132.6,171.3,129.2,166.4,252.8,151.9,162.3,122.4,75.4,141.8,148.6,104.8
2013,4,Chhatrapati Sambhajinagar,3,Beed,128.4,130.2,101.4,127.7,210.1,164.5,138.0,86.2,62.5,172.0,151.8,88.3
2013,4,Chhatrapati Sambhajinagar,4,Latur,135.4,128.5,94.9,186.9,322.3,172.4,202.7,145.2,71.6,181.0,135.8,75.0
2013,4,Chhatrapati Sambhajinagar,5,Dharashiv,126.9,99.3,78.3,137.1,220.0,160.5,154.4,77.7,50.3,184.7,194.7,105.4
2013,4,Chhatrapati Sambhajinagar,6,Nanded,155.4,203.7,131.1,244.3,427.7,175.1,247.3,219.0,88.6,167.4,128.5,76.8
2013,4,Chhatrapati Sambhajinagar,7,Parabhani,145.3,128.5,88.4,219.2,351.4,160.3,227.8,206.4,90.6,169.0,177.2,104.9
2013,4,Chhatrapati Sambhajinagar,8,Hingoli,169.2,245.5,145.1,230.2,434.9,188.9,241.2,215.3,89.3,154.7,147.4,95.3
2013,1,Konkan,1,Thane,461.9,993.1,215.0,942.3,1200.8,127.4,691.3,500.3,72.4,337.9,305.3,90.4
2013,1,Konkan,2,Raigadh,655.8,1028.5,156.8,1206.2,1472.0,122.0,874.5,376.3,43.0,412.1,278.6,67.6
2013,1,Konkan,3,Ratnagiri,813.5,1348.0,165.7,1151.6,1781.3,154.7,835.9,652.0,78.0,394.1,377.5,95.8
2013,1,Konkan,4,Sindhudurg,880.1,922.1,104.8,1043.6,1874.3,179.6,689.2,635.8,92.3,327.6,378.9,115.7
2013,1,Konkan,5,Palghar,411.9,871.5,211.6,905.0,1110.0,122.7,669.7,476.7,71.2,318.8,325.7,102.2
2013,6,Nagpur,1,Wardha,174.1,354.1,203.4,273.6,486.3,177.7,271.6,166.7,61.4,155.2,101.3,65.3
2013,6,Nagpur,2,Nagpur,166.3,359.7,216.3,304.4,488.8,160.6,281.3,339.9,120.8,168.4,103.3,61.3
2013,6,Nagpur,3,Bhandara,189.3,380.8,201.2,382.6,624.4,163.2,387.6,511.4,131.9,197.5,78.5,39.7
2013,6,Nagpur,4,Gondia,192.8,374.6,194.3,414.9,829.1,199.8,413.9,509.4,123.1,198.7,122.7,61.8
2013,6,Nagpur,5,Chandrapur,183.5,452.5,246.6,357.2,670.8,187.8,362.9,305.6,84.2,180.4,95.2,52.8
2013,6,Nagpur,6,Gadchiroli,210.9,311.1,147.5,427.9,838.7,196.0,426.5,513.3,120.4,188.8,164.6,87.2
2013,2,Nasik,1,Nashik,174.4,181.5,104.1,308.9,291.2,94.3,266.9,176.8,66.2,183.6,167.9,91.4
2013,2,Nasik,2,Dhule,121.5,169.3,139.3,170.9,228.2,133.5,133.2,160.6,120.6,109.5,141.7,129.4
2013,2,Nasik,3,Nandurbar,155.9,166.2,106.6,305.6,416.6,136.3,252.2,250.0,99.1,146.7,459.7,313.4
2013,2,Nasik,4,Jalgaon,123.7,195.4,158.0,189.2,249.9,132.1,196.1,208.8,106.5,123.6,182.2,147.4
2013,2,Nasik,5,Ahilyanagar,108.2,125.1,115.6,97.5,128.5,131.8,95.4,53.6,56.2,147.0,167.6,114.0
2013,3,Pune,1,Pune,176.2,287.2,163.0,309.3,365.6,118.2,219.6,120.7,55.0,156.5,223.3,142.7
2013,3,Pune,2,Solapur,102.5,84.5,82.4,94.8,150.4,158.6,107.5,41.1,38.2,176.3,224.9,127.6
2013,3,Pune,3,Satara,194.1,236.0,121.6,307.2,326.9,106.4,224.8,150.1,66.8,160.1,230.2,143.8
2013,3,Pune,4,Sangli,129.0,104.3,80.9,135.5,145.9,107.7,111.4,48.7,43.7,138.6,171.7,123.9
2013,3,Pune,5,Kolhapur,362.9,247.8,68.3,685.5,670.5,97.8,485.9,246.8,50.8,198.8,131.9,66.3
2014,5,Amravati,1,Buldhana,139.3,16.8,12.1,192.2,160.7,83.6,207.4,153.5,74.0,120.5,157.2,130.5
2014,5,Amravati,2,Akola,136.9,18.2,13.3,223.2,244.7,109.6,215.5,118.1,54.8,118.1,138.9,117.6
2014,5,Amravati,3,Washim,166.4,43.1,25.9,243.6,177.7,72.9,236.1,168.5,71.4,142.9,203.6,142.5
2014,5,Amravati,4,Amravati,145.7,59.0,40.5,277.4,373.1,134.5,285.4,132.5,46.4,153.5,180.3,117.5
2014,5,Amravati,5,Yavatmal,163.9,26.5,16.2,256.7,151.3,58.9,253.7,157.3,62.0,130.7,152.1,116.4
2014,4,Chhatrapati Sambhajinagar,1,Chhatrapati Sambhajinagar,125.2,19.0,15.2,152.2,131.2,86.2,153.8,155.0,100.8,150.5,87.5,58.1
2014,4,Chhatrapati Sambhajinagar,2,Jalna,132.6,15.4,11.6,166.4,82.1,49.3,162.3,143.9,88.7,141.8,118.4,83.5
2014,4,Chhatrapati Sambhajinagar,3,Beed,128.4,31.5,24.5,127.7,93.5,73.2,138.0,171.6,124.3,172.0,51.7,30.1
2014,4,Chhatrapati Sambhajinagar,4,Latur,135.4,47.7,35.2,186.9,119.8,64.1,202.7,198.8,98.1,181.0,41.7,23.0
2014,4,Chhatrapati Sambhajinagar,5,Dharashiv,126.9,37.0,29.2,137.1,114.6,83.6,154.4,214.7,139.1,184.7,53.3,28.9
2014,4,Chhatrapati Sambhajinagar,6,Nanded,155.4,29.3,18.9,244.3,90.8,37.2,247.3,195.2,78.9,167.4,112.7,67.3
2014,4,Chhatrapati Sambhajinagar,7,Parabhani,145.3,35.2,24.2,219.2,75.8,34.6,227.8,147.2,64.6,169.0,88.1,52.1
2014,4,Chhatrapati Sambhajinagar,8,Hingoli,169.2,20.8,12.3,230.2,92.3,40.1,241.2,174.9,72.5,154.7,153.0,98.9
2014,1,Konkan,1,Thane,461.9,93.5,20.2,942.3,1270.6,134.8,691.3,746.8,108.0,337.9,411.6,121.8
2014,1,Konkan,2,Raigadh,655.8,75.4,11.5,1206.2,1156.4,95.9,874.5,590.6,67.5,412.1,405.8,98.5
2014,1,Konkan,3,Ratnagiri,813.5,301.3,37.0,1151.6,1490.0,129.4,835.9,716.3,85.7,394.1,517.2,131.2
2014,1,Konkan,4,Sindhudurg,880.1,354.8,40.3,1043.6,1308.8,125.4,689.2,715.4,103.8,327.6,313.0,95.5
2014,1,Konkan,5,Palghar,411.9,87.1,21.1,905.0,1298.7,143.5,669.7,537.4,80.2,318.8,325.9,102.2
2014,6,Nagpur,1,Wardha,174.1,52.5,30.2,273.6,374.9,137.0,271.6,113.0,41.6,155.2,155.4,100.1
2014,6,Nagpur,2,Nagpur,166.3,68.6,41.3,304.4,399.3,131.2,281.3,125.3,44.5,168.4,126.9,75.4
2014,6,Nagpur,3,Bhandara,189.3,58.5,30.9,382.6,400.8,104.8,387.6,178.9,46.2,197.5,134.2,67.9
2014,6,Nagpur,4,Gondia,192.8,75.7,39.3,414.9,518.1,124.9,413.9,238.7,57.7,198.7,121.9,61.3
2014,6,Nagpur,5,Chandrapur,183.5,20.3,11.1,357.2,272.4,76.3,362.9,126.4,34.8,180.4,227.5,126.1
2014,6,Nagpur,6,Gadchiroli,210.9,59.6,28.3,427.9,415.8,97.2,426.5,233.5,54.7,188.8,421.0,223.0
2014,2,Nasik,1,Nashik,174.4,16.2,9.3,308.9,244.4,79.1,266.9,191.4,71.7,183.6,139.4,75.9
2014,2,Nasik,2,Dhule,121.5,23.5,19.3,170.9,214.4,125.5,133.2,118.5,89.0,109.5,164.5,150.2
2014,2,Nasik,3,Nandurbar,155.9,14.3,9.2,305.6,266.5,87.2,252.2,147.1,58.3,146.7,149.2,101.7
2014,2,Nasik,4,Jalgaon,123.7,20.4,16.5,189.2,260.6,137.7,196.1,131.2,66.9,123.6,199.1,161.1
2014,2,Nasik,5,Ahilyanagar,108.2,27.3,25.2,97.5,89.7,92.0,95.4,193.0,202.3,147.0,48.2,32.8
2014,3,Pune,1,Pune,176.2,30.8,17.5,309.3,342.0,110.6,219.6,325.2,148.1,156.5,91.0,58.1
2014,3,Pune,2,Solapur,102.5,35.8,34.9,94.8,83.8,88.4,107.5,197.2,183.4,176.3,39.8,22.6
2014,3,Pune,3,Satara,194.1,68.9,35.5,307.2,452.5,147.3,224.8,319.0,141.9,160.1,108.6,67.8
2014,3,Pune,4,Sangli,129.0,65.0,50.4,135.5,186.1,137.3,111.4,207.0,185.8,138.6,57.8,41.7
2014,3,Pune,5,Kolhapur,362.9,96.6,26.6,685.5,618.0,90.2,485.9,337.6,69.5,198.8,149.6,75.3
2015,5,Amravati,1,Buldhana,139.3,111.2,79.8,192.2,30.5,15.9,207.4,216.4,104.3,120.5,164.1,136.2
2015,5,Amravati,2,Akola,136.9,129.3,94.4,223.2,58.1,26.0,215.5,264.3,122.6,118.1,99.6,84.3
2015,5,Amravati,3,Washim,166.4,193.6,116.3,243.6,53.4,21.9,236.1,240.9,102.0,142.9,123.5,86.4
2015,5,Amravati,4,Amravati,145.7,193.2,132.6,277.4,114.4,41.2,285.4,286.4,100.4,153.5,107.9,70.3
2015,5,Amravati,5,Yavatmal,163.9,120.7,73.6,256.7,55.8,21.7,253.7,159.3,62.8,130.7,143.3,109.6
2015,4,Chhatrapati Sambhajinagar,1,Chhatrapati Sambhajinagar,125.2,170.2,135.9,152.2,24.5,16.1,153.8,90.6,58.9,150.5,203.1,135.0
2015,4,Chhatrapati Sambhajinagar,2,Jalna,132.6,132.0,99.5,166.4,15.6,9.4,162.3,132.9,81.9,141.8,167.2,117.9
2015,4,Chhatrapati Sambhajinagar,3,Beed,128.4,72.8,56.7,127.7,12.4,9.7,138.0,88.2,63.9,172.0,124.1,72.2
2015,4,Chhatrapati Sambhajinagar,4,Latur,135.4,83.7,61.8,186.9,28.5,15.2,202.7,100.3,49.5,181.0,149.4,82.5
2015,4,Chhatrapati Sambhajinagar,5,Dharashiv,126.9,73.5,57.9,137.1,18.7,13.6,154.4,95.7,62.0,184.7,135.8,73.5
2015,4,Chhatrapati Sambhajinagar,6,Nanded,155.4,156.5,100.7,244.3,51.7,21.2,247.3,129.5,52.4,167.4,117.9,70.4
2015,4,Chhatrapati Sambhajinagar,7,Parabhani,145.3,79.9,55.0,219.2,23.5,10.7,227.8,85.3,37.4,169.0,138.2,81.8
2015,4,Chhatrapati Sambhajinagar,8,Hingoli,169.2,157.2,92.9,230.2,44.0,19.1,241.2,165.9,68.8,154.7,192.7,124.6
2015,1,Konkan,1,Thane,461.9,524.1,113.5,942.3,683.5,72.5,691.3,273.6,39.6,337.9,268.0,79.3
2015,1,Konkan,2,Raigadh,655.8,763.4,116.4,1206.2,460.8,38.2,874.5,304.8,34.9,412.1,202.8,49.2
2015,1,Konkan,3,Ratnagiri,813.5,998.4,122.7,1151.6,418.4,36.3,835.9,448.7,53.7,394.1,285.1,72.3
2015,1,Konkan,4,Sindhudurg,880.1,777.0,88.3,1043.6,502.0,48.1,689.2,501.6,72.8,327.6,185.5,56.6
2015,1,Konkan,5,Palghar,411.9,602.8,146.3,905.0,651.8,72.0,669.7,210.6,31.4,318.8,234.6,73.6
2015,6,Nagpur,1,Wardha,174.1,197.4,113.4,273.6,157.3,57.5,271.6,292.8,107.8,155.2,131.5,84.7
2015,6,Nagpur,2,Nagpur,166.3,289.4,174.0,304.4,173.3,56.9,281.3,343.8,122.2,168.4,131.7,78.2
2015,6,Nagpur,3,Bhandara,189.3,254.2,134.3,382.6,221.9,58.0,387.6,322.0,83.1,197.5,159.7,80.9
2015,6,Nagpur,4,Gondia,192.8,221.5,114.9,414.9,275.5,66.4,413.9,346.8,83.8,198.7,224.9,113.2
2015,6,Nagpur,5,Chandrapur,183.5,212.7,115.9,357.2,113.0,31.6,362.9,235.4,64.9,180.4,186.4,103.3
2015,6,Nagpur,6,Gadchiroli,210.9,381.7,181.0,427.9,156.5,36.6,426.5,295.4,69.3,188.8,166.4,88.1
2015,2,Nasik,1,Nashik,174.4,124.6,71.4,308.9,145.0,46.9,266.9,47.9,17.9,183.6,167.3,91.1
2015,2,Nasik,2,Dhule,121.5,131.9,108.6,170.9,92.6,54.2,133.2,61.5,46.2,109.5,162.2,148.1
2015,2,Nasik,3,Nandurbar,155.9,151.5,97.2,305.6,266.6,87.2,252.2,37.4,14.8,146.7,233.3,159.0
2015,2,Nasik,4,Jalgaon,123.7,114.1,92.2,189.2,42.9,22.7,196.1,127.9,65.2,123.6,134.1,108.5
2015,2,Nasik,5,Ahilyanagar,108.2,93.3,86.2,97.5,31.5,32.3,95.4,26.4,27.7,147.0,150.6,102.4
2015,3,Pune,1,Pune,176.2,203.0,115.2,309.3,147.9,47.8,219.6,59.1,26.9,156.5,172.8,110.4
2015,3,Pune,2,Solapur,102.5,60.7,59.2,94.8,4.9,5.2,107.5,33.2,30.9,176.3,95.1,53.9
2015,3,Pune,3,Satara,194.1,274.4,141.4,307.2,100.4,32.7,224.8,60.4,26.9,160.1,104.3,65.1
2015,3,Pune,4,Sangli,129.0,129.1,100.1,135.5,21.9,16.2,111.4,25.4,22.8,138.6,104.1,75.1
2015,3,Pune,5,Kolhapur,362.9,335.8,92.5,685.5,134.0,19.5,485.9,122.0,25.1,198.8,43.1,21.7
2016,5,Amravati,1,Buldhana,139.3,114.6,82.3,192.2,313.6,163.2,207.4,86.2,41.6,120.5,136.7,113.4
2016,5,Amravati,2,Akola,136.9,143.1,104.5,223.2,379.9,170.2,215.5,106.3,49.3,118.1,111.3,94.2
2016,5,Amravati,3,Washim,166.4,149.7,90.0,243.6,379.8,155.9,236.1,123.1,52.1,142.9,163.8,114.6
2016,5,Amravati,4,Amravati,145.7,125.2,85.9,277.4,412.3,148.6,285.4,109.6,38.4,153.5,149.2,97.2
2016,5,Amravati,5,Yavatmal,163.9,143.4,87.5,256.7,345.2,134.5,253.7,84.7,33.4,130.7,158.8,121.5
2016,4,Chhatrapati Sambhajinagar,1,Chhatrapati Sambhajinagar,125.2,81.8,65.3,152.2,222.3,146.1,153.8,82.2,53.4,150.5,157.1,104.4
2016,4,Chhatrapati Sambhajinagar,2,Jalna,132.6,121.2,91.4,166.4,277.1,166.5,162.3,85.9,52.9,141.8,239.1,168.6
2016,4,Chhatrapati Sambhajinagar,3,Beed,128.4,114.3,89.0,127.7,156.4,122.5,138.0,69.6,50.4,172.0,367.0,213.4
2016,4,Chhatrapati Sambhajinagar,4,Latur,135.4,156.4,115.5,186.9,292.2,156.3,202.7,76.2,37.6,181.0,424.8,234.7
2016,4,Chhatrapati Sambhajinagar,5,Dharashiv,126.9,127.0,100.1,137.1,202.3,147.6,154.4,63.1,40.9,184.7,352.9,191.1
2016,4,Chhatrapati Sambhajinagar,6,Nanded,155.4,214.5,138.0,244.3,351.7,144.0,247.3,102.4,41.4,167.4,301.5,180.1
2016,4,Chhatrapati Sambhajinagar,7,Parabhani,145.3,119.5,82.2,219.2,244.3,111.5,227.8,82.8,36.3,169.0,297.3,175.9
2016,4,Chhatrapati Sambhajinagar,8,Hingoli,169.2,190.0,112.3,230.2,332.0,144.2,241.2,90.6,37.6,154.7,216.9,140.2
2016,1,Konkan,1,Thane,461.9,298.2,64.6,942.3,1137.6,120.7,691.3,761.1,110.1,337.9,423.4,125.3
2016,1,Konkan,2,Raigadh,655.8,583.0,88.9,1206.2,1209.8,100.3,874.5,880.4,100.7,412.1,689.9,167.4
2016,1,Konkan,3,Ratnagiri,813.5,858.7,105.6,1151.6,1638.3,142.3,835.9,902.2,107.9,394.1,663.2,168.3
2016,1,Konkan,4,Sindhudurg,880.1,959.2,109.0,1043.6,1295.6,124.1,689.2,623.5,90.5,327.6,425.5,129.9
2016,1,Konkan,5,Palghar,411.9,435.9,105.8,905.0,1142.7,126.3,669.7,829.6,123.9,318.8,565.6,177.4
2016,6,Nagpur,1,Wardha,174.1,142.1,81.6,273.6,459.2,167.8,271.6,119.0,43.8,155.2,126.2,81.3
2016,6,Nagpur,2,Nagpur,166.3,97.1,58.4,304.4,397.2,130.5,281.3,119.7,42.6,168.4,115.4,68.5
2016,6,Nagpur,3,Bhandara,189.3,80.9,42.7,382.6,399.5,104.4,387.6,147.0,37.9,197.5,186.6,94.5
2016,6,Nagpur,4,Gondia,192.8,95.4,49.5,414.9,384.5,92.7,413.9,294.6,71.2,198.7,263.4,132.6
2016,6,Nagpur,5,Chandrapur,183.5,155.8,84.9,357.2,513.4,143.7,362.9,124.8,34.4,180.4,281.9,156.3
2016,6,Nagpur,6,Gadchiroli,210.9,188.9,89.6,427.9,654.4,152.9,426.5,307.7,72.1,188.8,375.0,198.6
2016,2,Nasik,1,Nashik,174.4,37.1,21.3,308.9,339.3,109.8,266.9,300.0,112.4,183.6,131.7,71.7
2016,2,Nasik,2,Dhule,121.5,83.3,68.6,170.9,137.0,80.2,133.2,99.6,74.8,109.5,91.8,83.8
2016,2,Nasik,3,Nandurbar,155.9,50.4,32.3,305.6,191.5,62.7,252.2,206.8,82.0,146.7,158.3,107.9
2016,2,Nasik,4,Jalgaon,123.7,91.8,74.2,189.2,240.0,126.8,196.1,113.5,57.9,123.6,176.9,143.1
2016,2,Nasik,5,Ahilyanagar,108.2,85.9,79.4,97.5,146.6,150.4,95.4,82.1,86.1,147.0,210.2,143.0
2016,3,Pune,1,Pune,176.2,78.9,44.8,309.3,345.2,111.6,219.6,316.4,144.1,156.5,146.6,93.7
2016,3,Pune,2,Solapur,102.5,90.3,88.1,94.8,107.5,113.4,107.5,27.4,25.5,176.3,170.1,96.5
2016,3,Pune,3,Satara,194.1,124.5,64.1,307.2,372.8,121.4,224.8,345.8,153.8,160.1,135.1,84.4
2016,3,Pune,4,Sangli,129.0,111.4,86.4,135.5,260.1,192.0,111.4,131.6,118.1,138.6,109.5,79.0
2016,3,Pune,5,Kolhapur,362.9,158.0,43.5,685.5,619.0,90.3,485.9,400.0,82.3,198.8,82.0,41.2
2017,5,Amravati,1,Buldhana,139.3,170.6,122.5,192.2,124.6,64.8,207.4,126.7,61.1,120.5,145.1,120.4
2017,5,Amravati,2,Akola,136.9,120.4,87.9,223.2,160.8,72.0,215.5,131.7,61.1,118.1,77.2,65.4
2017,5,Amravati,3,Washim,166.4,186.8,112.3,243.6,160.1,65.7,236.1,104.1,44.1,142.9,95.2,66.6
2017,5,Amravati,4,Amravati,145.7,98.6,67.7,277.4,178.1,64.2,285.4,147.2,51.6,153.5,105.4,68.7
2017,5,Amravati,5,Yavatmal,163.9,130.8,79.8,256.7,126.4,49.2,253.7,108.5,42.8,130.7,77.1,59.0
2017,4,Chhatrapati Sambhajinagar,1,Chhatrapati Sambhajinagar,125.2,139.6,111.5,152.2,68.9,45.3,153.8,143.0,93.0,150.5,153.6,102.1
2017,4,Chhatrapati Sambhajinagar,2,Jalna,132.6,154.5,116.5,166.4,62.9,37.8,162.3,205.3,126.5,141.8,180.6,127.4
2017,4,Chhatrapati Sambhajinagar,3,Beed,128.4,167.1,130.1,127.7,60.8,47.6,138.0,228.8,165.8,172.0,143.8,83.6
2017,4,Chhatrapati Sambhajinagar,4,Latur,135.4,206.8,152.7,186.9,71.2,38.1,202.7,262.2,129.4,181.0,131.6,72.7
2017,4,Chhatrapati Sambhajinagar,5,Dharashiv,126.9,244.0,192.3,137.1,49.4,36.0,154.4,223.2,144.6,184.7,209.4,113.4
2017,4,Chhatrapati Sambhajinagar,6,Nanded,155.4,167.7,107.9,244.3,108.4,44.4,247.3,233.2,94.3,167.4,65.3,39.0
2017,4,Chhatrapati Sambhajinagar,7,Parabhani,145.3,131.1,90.2,219.2,62.6,28.6,227.8,193.9,85.1,169.0,93.0,55.0
2017,4,Chhatrapati Sambhajinagar,8,Hingoli,169.2,180.2,106.5,230.2,93.0,40.4,241.2,202.2,83.8,154.7,97.0,62.7
2017,1,Konkan,1,Thane,461.9,685.9,148.5,942.3,1206.6,128.0,691.3,875.0,126.6,337.9,438.9,129.9
2017,1,Konkan,2,Raigadh,655.8,751.1,114.5,1206.2,1116.8,92.6,874.5,891.6,102.0,412.1,514.1,124.8
2017,1,Konkan,3,Ratnagiri,813.5,912.4,112.2,1151.6,1108.0,96.2,835.9,742.2,88.8,394.1,572.7,145.3
2017,1,Konkan,4,Sindhudurg,880.1,810.6,92.1,1043.6,935.7,89.7,689.2,602.9,87.5,327.6,558.7,170.5
2017,1,Konkan,5,Palghar,411.9,668.1,162.2,905.0,1119.3,123.7,669.7,686.3,102.5,318.8,387.9,121.7
2017,6,Nagpur,1,Wardha,174.1,171.1,98.3,273.6,219.7,80.3,271.6,133.1,49.0,155.2,123.6,79.6
2017,6,Nagpur,2,Nagpur,166.3,110.0,66.1,304.4,205.9,67.6,281.3,302.1,107.4,168.4,154.9,92.0
2017,6,Nagpur,3,Bhandara,189.3,108.9,57.5,382.6,269.3,70.4,387.6,306.3,79.0,197.5,100.8,51.0
2017,6,Nagpur,4,Gondia,192.8,82.5,42.8,414.9,316.3,76.2,413.9,219.5,53.0,198.7,95.5,48.1
2017,6,Nagpur,5,Chandrapur,183.5,97.4,53.1,357.2,246.4,69.0,362.9,146.3,40.3,180.4,100.7,55.8
2017,6,Nagpur,6,Gadchiroli,210.9,137.5,65.2,427.9,462.9,108.2,426.5,246.7,57.8,188.8,155.3,82.3
2017,2,Nasik,1,Nashik,174.4,163.9,94.0,308.9,407.6,132.0,266.9,168.1,63.0,183.6,105.6,57.5
2017,2,Nasik,2,Dhule,121.5,120.3,99.0,170.9,143.4,83.9,133.2,133.2,100.0,109.5,91.6,83.7
2017,2,Nasik,3,Nandurbar,155.9,123.9,79.5,305.6,354.7,116.1,252.2,140.7,55.8,146.7,120.0,81.8
2017,2,Nasik,4,Jalgaon,123.7,107.0,86.5,189.2,143.7,76.0,196.1,133.9,68.3,123.6,95.8,77.5
2017,2,Nasik,5,Ahilyanagar,108.2,154.5,142.8,97.5,89.0,91.3,95.4,208.3,218.3,147.0,178.7,121.6
2017,3,Pune,1,Pune,176.2,206.2,117.0,309.3,383.0,123.8,219.6,221.2,100.7,156.5,178.3,113.9
2017,3,Pune,2,Solapur,102.5,157.6,153.8,94.8,14.3,15.1,107.5,103.4,96.2,176.3,140.0,79.4
2017,3,Pune,3,Satara,194.1,167.8,86.5,307.2,332.8,108.3,224.8,127.1,56.5,160.1,241.3,150.7
2017,3,Pune,4,Sangli,129.0,82.1,63.6,135.5,113.2,83.5,111.4,53.6,48.1,138.6,200.8,144.9
2017,3,Pune,5,Kolhapur,362.9,196.4,54.1,685.5,459.6,67.0,485.9,141.6,29.1,198.8,278.9,140.3
2018,5,Amravati,1,Buldhana,139.3,91.5,65.7,192.2,161.3,83.9,207.4,172.9,83.4,120.5,37.0,30.7
2018,5,Amravati,2,Akola,136.9,177.1,129.4,223.2,247.3,110.8,215.5,186.0,86.3,118.1,53.2,45.0
2018,5,Amravati,3,Washim,166.4,268.4,161.3,243.6,249.9,102.6,236.1,223.6,94.7,142.9,26.6,18.6
2018,5,Amravati,4,Amravati,145.7,170.3,116.9,277.4,215.6,77.7,285.4,167.4,58.7,153.5,83.3,54.3
2018,5,Amravati,5,Yavatmal,163.9,185.3,113.1,256.7,277.8,108.2,253.7,197.0,77.7,130.7,42.1,32.2
2018,4,Chhatrapati Sambhajinagar,1,Chhatrapati Sambhajinagar,125.2,101.5,81.1,152.2,73.0,48.0,153.8,160.2,104.2,150.5,17.3,11.5
2018,4,Chhatrapati Sambhajinagar,2,Jalna,132.6,103.1,77.8,166.4,115.8,69.6,162.3,182.0,112.1,141.8,17.1,12.1
2018,4,Chhatrapati Sambhajinagar,3,Beed,128.4,119.4,93.0,127.7,67.6,52.9,138.0,117.7,85.3,172.0,15.8,9.2
2018,4,Chhatrapati Sambhajinagar,4,Latur,135.4,217.4,160.6,186.9,80.0,42.8,202.7,145.8,71.9,181.0,20.9,11.5
2018,4,Chhatrapati Sambhajinagar,5,Dharashiv,126.9,177.5,139.9,137.1,89.6,65.4,154.4,124.0,80.3,184.7,30.9,16.7
2018,4,Chhatrapati Sambhajinagar,6,Nanded,155.4,242.4,156.0,244.3,162.9,66.7,247.3,301.5,121.9,167.4,42.6,25.4
2018,4,Chhatrapati Sambhajinagar,7,Parabhani,145.3,172.0,118.4,219.2,108.8,49.6,227.8,191.6,84.1,169.0,21.8,12.9
2018,4,Chhatrapati Sambhajinagar,8,Hingoli,169.2,254.1,150.2,230.2,199.5,86.7,241.2,219.3,90.9,154.7,11.4,7.4
2018,1,Konkan,1,Thane,461.9,605.2,131.0,942.3,1304.2,138.4,691.3,417.3,60.4,337.9,84.1,24.9
2018,1,Konkan,2,Raigadh,655.8,789.3,120.4,1206.2,1256.6,104.2,874.5,568.8,65.0,412.1,126.2,30.6
2018,1,Konkan,3,Ratnagiri,813.5,1137.0,139.8,1151.6,1316.0,114.3,835.9,748.1,89.5,394.1,156.2,39.6
2018,1,Konkan,4,Sindhudurg,880.1,1173.0,133.3,1043.6,1032.1,98.9,689.2,589.1,85.5,327.6,130.3,39.8
2018,1,Konkan,5,Palghar,411.9,553.1,134.3,905.0,1433.1,158.4,669.7,294.0,43.9,318.8,34.4,10.8
2018,6,Nagpur,1,Wardha,174.1,195.0,112.0,273.6,280.1,102.4,271.6,120.0,44.2,155.2,149.6,96.4
2018,6,Nagpur,2,Nagpur,166.3,204.7,123.1,304.4,356.2,117.0,281.3,205.8,73.2,168.4,92.2,54.8
2018,6,Nagpur,3,Bhandara,189.3,175.8,92.9,382.6,390.5,102.1,387.6,338.9,87.4,197.5,68.6,34.7
2018,6,Nagpur,4,Gondia,192.8,154.5,80.1,414.9,531.0,128.0,413.9,326.2,78.8,198.7,107.0,53.9
2018,6,Nagpur,5,Chandrapur,183.5,150.9,82.2,357.2,367.2,102.8,362.9,234.8,64.7,180.4,85.2,47.2
2018,6,Nagpur,6,Gadchiroli,210.9,249.9,118.5,427.9,473.3,110.6,426.5,481.9,113.0,188.8,110.6,58.6
2018,2,Nasik,1,Nashik,174.4,125.2,71.8,308.9,277.1,89.7,266.9,185.1,69.4,183.6,37.4,20.4
2018,2,Nasik,2,Dhule,121.5,140.1,115.3,170.9,110.4,64.6,133.2,139.4,104.7,109.5,14.4,13.2
2018,2,Nasik,3,Nandurbar,155.9,95.7,61.4,305.6,188.1,61.6,252.2,190.1,75.4,146.7,31.1,21.2
2018,2,Nasik,4,Jalgaon,123.7,115.2,93.1,189.2,129.2,68.3,196.1,153.7,78.4,123.6,34.2,27.7
2018,2,Nasik,5,Ahilyanagar,108.2,118.5,109.5,97.5,74.2,76.1,95.4,87.2,91.4,147.0,33.8,23.0
2018,3,Pune,1,Pune,176.2,139.9,79.4,309.3,352.0,113.8,219.6,205.9,93.8,156.5,44.1,28.2
2018,3,Pune,2,Solapur,102.5,77.3,75.4,94.8,33.9,35.8,107.5,50.0,46.5,176.3,26.6,15.1
2018,3,Pune,3,Satara,194.1,170.4,87.8,307.2,401.5,130.7,224.8,213.4,94.9,160.1,68.5,42.8
2018,3,Pune,4,Sangli,129.0,105.5,81.8,135.5,135.7,100.1,111.4,84.6,75.9,138.6,65.1,47.0
2018,3,Pune,5,Kolhapur,362.9,238.0,65.6,685.5,624.8,91.1,485.9,376.1,77.4,198.8,78.4,39.4
2019,5,Amravati,1,Buldhana,139.3,134.6,96.6,192.2,199.4,103.7,207.4,145.3,70.1,120.5,214.2,177.8
2019,5,Amravati,2,Akola,136.9,79.4,58.0,223.2,198.4,88.9,215.5,146.6,68.0,118.1,190.3,161.1
2019,5,Amravati,3,Washim,166.4,117.5,70.6,243.6,234.6,96.3,236.1,134.4,56.9,142.9,202.1,141.4
2019,5,Amravati,4,Amravati,145.7,93.2,64.0,277.4,287.4,103.6,285.4,206.2,72.2,153.5,193.8,126.3
2019,5,Amravati,5,Yavatmal,163.9,110.7,67.5,256.7,296.9,115.7,253.7,185.6,73.2,130.7,200.6,153.5
2019,4,Chhatrapati Sambhajinagar,1,Chhatrapati Sambhajinagar,125.2,106.7,85.2,152.2,173.6,114.1,153.8,123.1,80.0,150.5,225.3,149.7
2019,4,Chhatrapati Sambhajinagar,2,Jalna,132.6,109.9,82.9,166.4,172.4,103.6,162.3,104.3,64.3,141.8,200.1,141.1
2019,4,Chhatrapati Sambhajinagar,3,Beed,128.4,87.5,68.1,127.7,77.3,60.5,138.0,90.1,65.3,172.0,204.3,118.8
2019,4,Chhatrapati Sambhajinagar,4,Latur,135.4,90.2,66.6,186.9,104.0,55.6,202.7,147.4,72.7,181.0,174.4,96.4
2019,4,Chhatrapati Sambhajinagar,5,Dharashiv,126.9,93.3,73.5,137.1,97.2,70.9,154.4,95.5,61.9,184.7,162.0,87.7
2019,4,Chhatrapati Sambhajinagar,6,Nanded,155.4,91.8,59.1,244.3,224.8,92.0,247.3,225.8,91.3,167.4,279.5,167.0
2019,4,Chhatrapati Sambhajinagar,7,Parabhani,145.3,86.0,59.2,219.2,124.2,56.7,227.8,130.4,57.2,169.0,255.3,151.1
2019,4,Chhatrapati Sambhajinagar,8,Hingoli,169.2,87.9,52.0,230.2,232.1,100.8,241.2,193.2,80.1,154.7,234.9,151.8
2019,1,Konkan,1,Thane,461.9,505.9,109.5,942.3,1487.1,157.8,691.3,805.5,116.5,337.9,792.1,234.4
2019,1,Konkan,2,Raigadh,655.8,534.8,81.5,1206.2,1582.1,131.2,874.5,928.6,106.2,412.1,965.6,234.3
2019,1,Konkan,3,Ratnagiri,813.5,689.0,84.7,1151.6,1589.7,138.0,835.9,1023.1,122.4,394.1,954.6,242.2
2019,1,Konkan,4,Sindhudurg,880.1,733.7,83.4,1043.6,1219.1,116.8,689.2,972.0,141.0,327.6,773.3,236.1
2019,1,Konkan,5,Palghar,411.9,412.6,100.2,905.0,1378.3,152.3,669.7,777.3,116.1,318.8,915.6,287.2
2019,6,Nagpur,1,Wardha,174.1,73.2,42.0,273.6,338.0,123.5,271.6,240.1,88.4,155.2,201.7,130.0
2019,6,Nagpur,2,Nagpur,166.3,80.9,48.6,304.4,373.8,122.8,281.3,284.1,101.0,168.4,318.6,189.2
2019,6,Nagpur,3,Bhandara,189.3,82.0,43.3,382.6,387.9,101.4,387.6,377.9,97.5,197.5,389.6,197.3
2019,6,Nagpur,4,Gondia,192.8,99.8,51.8,414.9,378.1,91.1,413.9,401.1,96.9,198.7,363.7,183.0
2019,6,Nagpur,5,Chandrapur,183.5,131.6,71.7,357.2,418.6,117.2,362.9,446.0,122.9,180.4,313.9,174.0
2019,6,Nagpur,6,Gadchiroli,210.9,97.0,46.0,427.9,463.1,108.2,426.5,599.4,140.5,188.8,513.2,271.8
2019,2,Nasik,1,Nashik,174.4,81.0,46.4,308.9,392.1,126.9,266.9,339.6,127.2,183.6,241.6,131.6
2019,2,Nasik,2,Dhule,121.5,61.1,50.3,170.9,186.3,109.0,133.2,252.6,189.6,109.5,240.4,219.5
2019,2,Nasik,3,Nandurbar,155.9,49.2,31.6,305.6,287.5,94.1,252.2,512.2,203.1,146.7,151.3,103.1
2019,2,Nasik,4,Jalgaon,123.7,87.1,70.4,189.2,225.8,119.3,196.1,261.8,133.5,123.6,237.3,192.0
2019,2,Nasik,5,Ahilyanagar,108.2,102.5,94.7,97.5,134.7,138.2,95.4,95.6,100.2,147.0,156.6,106.5
2019,3,Pune,1,Pune,176.2,156.6,88.9,309.3,438.8,141.9,219.6,277.8,126.5,156.5,246.8,157.7
2019,3,Pune,2,Solapur,102.5,69.8,68.1,94.8,82.0,86.5,107.5,50.3,46.8,176.3,129.1,73.2
2019,3,Pune,3,Satara,194.1,163.8,84.4,307.2,463.4,150.8,224.8,454.2,202.0,160.1,251.1,156.8
2019,3,Pune,4,Sangli,129.0,111.1,86.1,135.5,220.7,162.9,111.4,230.0,206.5,138.6,153.3,110.6
2019,3,Pune,5,Kolhapur,362.9,243.6,67.1,685.5,645.0,94.1,485.9,833.6,171.6,198.8,322.6,162.3
2020,5,Amravati,1,Buldhana,139.3,189.2,135.8,192.2,213.4,111.0,207.4,208.4,100.5,120.5,157.3,130.5
2020,5,Amravati,2,Akola,136.9,126.5,92.4,223.2,208.2,93.3,215.5,169.8,78.8,118.1,82.7,70.0
2020,5,Amravati,3,Washim,166.4,248.6,149.4,243.6,277.2,113.8,236.1,218.3,92.5,142.9,237.8,166.4
2020,5,Amravati,4,Amravati,145.7,192.2,131.9,277.4,254.5,91.7,285.4,220.9,77.4,153.5,151.7,98.8
2020,5,Amravati,5,Yavatmal,163.9,161.2,98.4,256.7,269.2,104.9,253.7,176.7,69.6,130.7,134.4,102.8
2020,4,Chhatrapati Sambhajinagar,1,Chhatrapati Sambhajinagar,125.2,287.2,229.4,152.2,227.7,149.6,153.8,171.3,111.4,150.5,284.4,189.0
2020,4,Chhatrapati Sambhajinagar,2,Jalna,132.6,278.2,209.8,166.4,259.7,156.1,162.3,190.8,117.6,141.8,220.8,155.7
2020,4,Chhatrapati Sambhajinagar,3,Beed,128.4,198.5,154.6,127.7,201.7,157.9,138.0,86.2,62.5,172.0,212.4,123.5
2020,4,Chhatrapati Sambhajinagar,4,Latur,135.4,178.8,132.1,186.9,154.4,82.6,202.7,109.0,53.8,181.0,294.7,162.8
2020,4,Chhatrapati Sambhajinagar,5,Dharashiv,126.9,125.4,98.8,137.1,118.6,86.5,154.4,86.8,56.2,184.7,280.9,152.1
2020,4,Chhatrapati Sambhajinagar,6,Nanded,155.4,146.0,94.0,244.3,204.7,83.8,247.3,204.6,82.7,167.4,264.9,158.2
2020,4,Chhatrapati Sambhajinagar,7,Parabhani,145.3,199.3,137.2,219.2,229.8,104.8,227.8,136.8,60.1,169.0,258.1,152.7
2020,4,Chhatrapati Sambhajinagar,8,Hingoli,169.2,235.4,139.1,230.2,276.6,120.2,241.2,192.4,79.8,154.7,256.3,165.7
2020,1,Konkan,1,Thane,461.9,298.7,64.7,942.3,613.1,65.1,691.3,1176.3,170.2,337.9,324.2,95.9
2020,1,Konkan,2,Raigadh,655.8,359.1,54.8,1206.2,713.5,59.2,874.5,1099.9,125.8,412.1,370.0,89.8
2020,1,Konkan,3,Ratnagiri,813.5,688.5,84.6,1151.6,1017.6,88.4,835.9,1313.8,157.2,394.1,420.8,106.8
2020,1,Konkan,4,Sindhudurg,880.1,958.1,108.9,1043.6,1288.3,123.4,689.2,1080.3,156.7,327.6,713.1,217.7
2020,1,Konkan,5,Palghar,411.9,223.2,54.2,905.0,697.3,77.0,669.7,1318.0,196.8,318.8,274.4,86.1
2020,6,Nagpur,1,Wardha,174.1,156.2,89.7,273.6,259.2,94.7,271.6,187.2,68.9,155.2,134.5,86.7
2020,6,Nagpur,2,Nagpur,166.3,188.5,113.3,304.4,249.5,82.0,281.3,372.2,132.3,168.4,162.3,96.4
2020,6,Nagpur,3,Bhandara,189.3,227.3,120.1,382.6,225.2,58.9,387.6,633.8,163.5,197.5,86.1,43.6
2020,6,Nagpur,4,Gondia,192.8,193.5,100.4,414.9,239.3,57.7,413.9,750.2,181.3,198.7,105.5,53.1
2020,6,Nagpur,5,Chandrapur,183.5,186.8,101.8,357.2,323.5,90.6,362.9,234.4,64.6,180.4,114.8,63.6
2020,6,Nagpur,6,Gadchiroli,210.9,138.3,65.6,427.9,274.1,64.1,426.5,401.6,94.2,188.8,197.4,104.6
2020,2,Nasik,1,Nashik,174.4,236.8,135.8,308.9,185.6,60.1,266.9,211.1,79.1,183.6,209.0,113.8
2020,2,Nasik,2,Dhule,121.5,218.1,179.5,170.9,204.8,119.8,133.2,154.9,116.3,109.5,131.4,120.0
2020,2,Nasik,3,Nandurbar,155.9,115.6,74.2,305.6,139.6,45.7,252.2,249.7,99.0,146.7,127.6,87.0
2020,2,Nasik,4,Jalgaon,123.7,205.4,166.0,189.2,244.0,129.0,196.1,240.9,122.8,123.6,167.5,135.5
2020,2,Nasik,5,Ahilyanagar,108.2,222.8,205.9,97.5,197.9,203.0,95.4,109.2,114.5,147.0,233.0,158.5
2020,3,Pune,1,Pune,176.2,188.8,107.2,309.3,142.4,46.0,219.6,345.1,157.1,156.5,188.9,120.7
2020,3,Pune,2,Solapur,102.5,151.0,147.3,94.8,167.6,176.8,107.5,73.4,68.3,176.3,141.4,80.2
2020,3,Pune,3,Satara,194.1,185.0,95.3,307.2,164.3,53.5,224.8,405.9,180.6,160.1,183.0,114.3
2020,3,Pune,4,Sangli,129.0,179.6,139.2,135.5,120.5,88.9,111.4,188.2,168.9,138.6,196.0,141.4
2020,3,Pune,5,Kolhapur,362.9,318.8,87.8,685.5,242.0,35.3,485.9,622.7,128.2,198.8,212.1,106.7
2021,5,Amravati,1,Buldhana,139.3,182.4,131.0,192.2,189.0,98.3,207.4,138.3,66.7,120.5,280.4,232.7
2021,5,Amravati,2,Akola,136.9,95.2,69.5,223.2,306.4,137.3,215.5,133.0,61.7,118.1,246.0,208.3
2021,5,Amravati,3,Washim,166.4,239.2,143.7,243.6,295.8,121.4,236.1,162.2,68.7,142.9,328.4,229.8
2021,5,Amravati,4,Amravati,145.7,213.1,146.3,277.4,212.9,76.7,285.4,130.3,45.6,153.5,295.0,192.2
2021,5,Amravati,5,Yavatmal,163.9,279.7,170.6,256.7,274.9,107.1,253.7,224.7,88.6,130.7,295.8,226.3
2021,4,Chhatrapati Sambhajinagar,1,Chhatrapati Sambhajinagar,125.2,151.0,120.6,152.2,181.3,119.1,153.8,195.0,126.8,150.5,403.6,268.2
2021,4,Chhatrapati Sambhajinagar,2,Jalna,132.6,214.8,162.0,166.4,255.8,153.7,162.3,198.3,122.2,141.8,436.0,307.5
2021,4,Chhatrapati Sambhajinagar,3,Beed,128.4,190.4,148.3,127.7,201.9,158.1,138.0,180.1,130.5,172.0,417.2,242.6
2021,4,Chhatrapati Sambhajinagar,4,Latur,135.4,197.0,145.5,186.9,234.4,125.4,202.7,165.6,81.7,181.0,310.8,171.7
2021,4,Chhatrapati Sambhajinagar,5,Dharashiv,126.9,137.6,108.4,137.1,203.9,148.7,154.4,152.3,98.6,184.7,335.3,181.5
2021,4,Chhatrapati Sambhajinagar,6,Nanded,155.4,224.4,144.4,244.3,387.9,158.8,247.3,180.4,73.0,167.4,374.3,223.6
2021,4,Chhatrapati Sambhajinagar,7,Parabhani,145.3,250.0,172.0,219.2,325.4,148.4,227.8,142.3,62.5,169.0,383.1,226.7
2021,4,Chhatrapati Sambhajinagar,8,Hingoli,169.2,251.6,148.7,230.2,302.4,131.4,241.2,155.7,64.6,154.7,368.8,238.4
2021,1,Konkan,1,Thane,461.9,702.3,152.0,942.3,938.2,99.6,691.3,310.0,44.8,337.9,738.8,218.6
2021,1,Konkan,2,Raigadh,655.8,842.9,128.5,1206.2,1469.8,121.9,874.5,338.3,38.7,412.1,633.2,153.7
2021,1,Konkan,3,Ratnagiri,813.5,1221.7,150.2,1151.6,1781.9,154.7,835.9,409.9,49.0,394.1,871.4,221.1
2021,1,Konkan,4,Sindhudurg,880.1,1031.1,117.2,1043.6,1594.6,152.8,689.2,482.1,70.0,327.6,764.6,233.4
2021,1,Konkan,5,Palghar,411.9,740.2,179.7,905.0,862.3,95.3,669.7,374.5,55.9,318.8,784.2,246.0
2021,6,Nagpur,1,Wardha,174.1,248.6,142.8,273.6,260.3,95.1,271.6,155.7,57.3,155.2,268.0,172.7
2021,6,Nagpur,2,Nagpur,166.3,200.4,120.5,304.4,309.6,101.7,281.3,165.2,58.7,168.4,345.3,205.0
2021,6,Nagpur,3,Bhandara,189.3,262.3,138.5,382.6,341.0,89.1,387.6,195.5,50.4,197.5,301.0,152.4
2021,6,Nagpur,4,Gondia,192.8,209.2,108.5,414.9,363.5,87.6,413.9,218.8,52.9,198.7,373.5,188.0
2021,6,Nagpur,5,Chandrapur,183.5,306.1,166.8,357.2,477.7,133.7,362.9,187.4,51.6,180.4,300.8,166.8
2021,6,Nagpur,6,Gadchiroli,210.9,206.8,98.1,427.9,422.2,98.7,426.5,259.3,60.8,188.8,334.3,177.1
2021,2,Nasik,1,Nashik,174.4,124.4,71.3,308.9,220.9,71.5,266.9,157.1,58.9,183.6,282.9,154.1
2021,2,Nasik,2,Dhule,121.5,98.5,81.1,170.9,116.2,68.0,133.2,143.5,107.8,109.5,252.4,230.5
2021,2,Nasik,3,Nandurbar,155.9,68.2,43.7,305.6,119.3,39.0,252.2,92.6,36.7,146.7,298.7,203.6
2021,2,Nasik,4,Jalgaon,123.7,149.2,120.6,189.2,115.3,60.9,196.1,153.0,78.0,123.6,334.5,270.7
2021,2,Nasik,5,Ahilyanagar,108.2,140.5,129.9,97.5,121.8,124.9,95.4,112.5,118.0,147.0,190.5,129.6
2021,3,Pune,1,Pune,176.2,186.1,105.6,309.3,287.0,92.8,219.6,68.2,31.1,156.5,161.5,103.2
2021,3,Pune,2,Solapur,102.5,139.0,135.6,94.8,133.7,141.0,107.5,85.9,79.9,176.3,175.0,99.2
2021,3,Pune,3,Satara,194.1,264.4,136.2,307.2,439.1,142.9,224.8,66.1,29.4,160.1,124.2,77.6
2021,3,Pune,4,Sangli,129.0,202.3,156.8,135.5,320.8,236.8,111.4,72.4,65.0,138.6,91.1,65.7
2021,3,Pune,5,Kolhapur,362.9,399.9,110.2,685.5,740.1,108.0,485.9,141.3,29.1,198.8,195.3,98.2
2022,5,Amravati,1,Buldhana,139.3,123.9,88.9,192.2,269.2,140.1,207.4,108.1,52.1,120.5,177.0,146.9
2022,5,Amravati,2,Akola,136.9,115.0,84.0,223.2,270.8,121.3,215.5,131.3,60.9,118.1,161.9,137.1
2022,5,Amravati,3,Washim,166.4,108.4,65.1,243.6,387.5,159.1,236.1,202.7,85.9,142.9,147.3,103.1
2022,5,Amravati,4,Amravati,145.7,95.4,65.5,277.4,389.0,140.2,285.4,211.6,74.1,153.5,240.6,156.7
2022,5,Amravati,5,Yavatmal,163.9,97.8,59.7,256.7,561.2,218.6,253.7,222.7,87.8,130.7,228.2,174.6
2022,4,Chhatrapati Sambhajinagar,1,Chhatrapati Sambhajinagar,125.2,138.0,110.2,152.2,222.5,146.2,153.8,93.8,61.0,150.5,207.4,137.8
2022,4,Chhatrapati Sambhajinagar,2,Jalna,132.6,132.1,99.6,166.4,322.1,193.6,162.3,87.3,53.8,141.8,241.4,170.2
2022,4,Chhatrapati Sambhajinagar,3,Beed,128.4,154.2,120.1,127.7,219.2,171.7,138.0,59.2,42.9,172.0,204.8,119.1
2022,4,Chhatrapati Sambhajinagar,4,Latur,135.4,143.2,105.8,186.9,320.4,171.4,202.7,74.8,36.9,181.0,199.4,110.2
2022,4,Chhatrapati Sambhajinagar,5,Dharashiv,126.9,106.5,83.9,137.1,254.7,185.8,154.4,113.0,73.2,184.7,189.8,102.8
2022,4,Chhatrapati Sambhajinagar,6,Nanded,155.4,141.9,91.3,244.3,607.3,248.6,247.3,114.7,46.4,167.4,182.4,109.0
2022,4,Chhatrapati Sambhajinagar,7,Parabhani,145.3,137.4,94.6,219.2,312.8,142.7,227.8,59.5,26.1,169.0,140.7,83.3
2022,4,Chhatrapati Sambhajinagar,8,Hingoli,169.2,121.7,71.9,230.2,481.3,209.1,241.2,128.4,53.2,154.7,154.2,99.7
2022,1,Konkan,1,Thane,461.9,172.6,37.4,942.3,1226.7,130.2,691.3,561.8,81.3,337.9,671.3,198.7
2022,1,Konkan,2,Raigadh,655.8,302.2,46.1,1206.2,1376.6,114.1,874.5,778.3,89.0,412.1,533.1,129.4
2022,1,Konkan,3,Ratnagiri,813.5,621.7,76.4,1151.6,1086.6,94.4,835.9,876.2,104.8,394.1,428.2,108.7
2022,1,Konkan,4,Sindhudurg,880.1,785.8,89.3,1043.6,1113.7,106.7,689.2,725.8,105.3,327.6,491.5,150.0
2022,1,Konkan,5,Palghar,411.9,232.9,56.5,905.0,1315.7,145.4,669.7,552.6,82.5,318.8,533.4,167.3
2022,6,Nagpur,1,Wardha,174.1,104.7,60.1,273.6,722.4,264.0,271.6,281.8,103.8,155.2,252.6,162.8
2022,6,Nagpur,2,Nagpur,166.3,108.0,64.9,304.4,611.4,200.9,281.3,381.9,135.8,168.4,331.0,196.6
2022,6,Nagpur,3,Bhandara,189.3,129.3,68.3,382.6,529.5,138.4,387.6,472.4,121.9,197.5,316.7,160.4
2022,6,Nagpur,4,Gondia,192.8,152.2,78.9,414.9,600.4,144.7,413.9,613.0,148.1,198.7,311.1,156.6
2022,6,Nagpur,5,Chandrapur,183.5,143.2,78.0,357.2,737.8,206.6,362.9,355.9,98.1,180.4,241.5,133.9
2022,6,Nagpur,6,Gadchiroli,210.9,126.6,60.0,427.9,916.8,214.3,426.5,475.7,111.5,188.8,360.3,190.8
2022,2,Nasik,1,Nashik,174.4,150.8,86.5,308.9,514.5,166.6,266.9,222.3,83.3,183.6,321.2,174.9
2022,2,Nasik,2,Dhule,121.5,109.2,89.9,170.9,200.0,117.0,133.2,164.5,123.5,109.5,175.0,159.8
2022,2,Nasik,3,Nandurbar,155.9,55.9,35.9,305.6,331.6,108.5,252.2,216.0,85.6,146.7,154.1,105.0
2022,2,Nasik,4,Jalgaon,123.7,89.8,72.6,189.2,232.9,123.1,196.1,117.7,60.0,123.6,205.1,165.9
2022,2,Nasik,5,Ahilyanagar,108.2,113.6,105.0,97.5,121.2,124.3,95.4,109.0,114.3,147.0,233.4,158.8
2022,3,Pune,1,Pune,176.2,83.1,47.2,309.3,435.7,140.9,219.6,260.6,118.7,156.5,260.3,166.3
2022,3,Pune,2,Solapur,102.5,87.0,84.9,94.8,155.3,163.8,107.5,100.6,93.6,176.3,183.7,104.2
2022,3,Pune,3,Satara,194.1,78.6,40.5,307.2,384.0,125.0,224.8,261.3,116.2,160.1,203.6,127.2
2022,3,Pune,4,Sangli,129.0,68.5,53.1,135.5,197.9,146.1,111.4,153.7,138.0,138.6,164.3,118.5
2022,3,Pune,5,Kolhapur,362.9,107.5,29.6,685.5,540.9,78.9,485.9,427.4,88.0,198.8,250.4,126.0
